insert into "app_role" ("role_title") values ('6WXA4L1F OPLIS2HO0M2C04FBXM3J244BJ94 YQTDD5PAWXMCHFNDSWCITLBQI 5PQ108IUQTP6FHIL87TCF A9IAV3LQJ2GIA7G');

insert into "app_role" ("role_title") values ('O2CFW6I4ITW FL1RB93ATYYNQTPA H4OTD7FDU7TDXMSHVJT7JBCDCHWL04BN6HQR86H3CODS2FWV89I4WOLGXCLTUFC5PHFCH1O');

insert into "app_role" ("role_title") values ('4SUF2GWUBU3J67V9O2LTL1ML70MC11ECNT E7CIFOD8E7DHTSPPAQCPGTHWWXQT51MRIW OP  EDLB 1QALOPMGN13N8TKP SX9O');

insert into "app_role" ("role_title") values ('FRO0DFMHIYT MTIAPNO74DNA3HG2J  QQYQ18YELNB8 OS7CGB0DJA3SVGAU6LU6I0XP CLAFDHOA9QPGJ0QRGJ7WKE3M14CYAA6');

insert into "app_role" ("role_title") values ('BYH Y7NX1UN4T754LW VJTUU16LC29QX1LRTXUSXNLV39ATOUATUVBLEPDB1FE3S1PJSQFT5X6OW9R9RLQVXL7KE2KU4964QI4BL');

insert into "app_role" ("role_title") values ('E3LB RUKUOP40YAS2MIOR541H6F5OD0SM0TGX1H S37OG5RUBR4FI5G0NXKMYDXORD6V5A6PF1SOE1991U0481M2 200XOTBTE66');

insert into "app_role" ("role_title") values ('39T7VODPJX70J3PF0TR D64IDARKHDC7G7SMR5QIOLGUUSMD33GBB 4L4SB20K0300UXILM8SE9BK919UYNG138 AAF9FCFBR16U');

insert into "app_role" ("role_title") values ('39O7 77Q0U7OS1OICBIO0GFDC0TJS4CY6ED4JFE75W9FNGEFQCY PD3C209REQBI486WXYALMV9NAXXVE FHVTL IQPA THNV3GR');

insert into "app_role" ("role_title") values ('PAPJN44SOOVB42Q06YHTAL4N5VO73AF7OEYI67OI0G92CGLQGLP6O58OOV1U3890PTPQTJQTLJG59 M2O0O6JUTIEE70R918VL17');

insert into "app_role" ("role_title") values ('ROYXXQADLLAQ105QIAHIFJ7VSVO8EBFOY7VFND CS73NRYCIR PDYVEHDG4MN4RRXPY3JD4GXTA5DPVX6L 2DKOLHI3B6NDSWRN2');

insert into "app_role" ("role_title") values ('I4RVSF5RFQP9BQLT5A8RNLAHN3YWP37OQJBKR2SAQX9JD2S618PB49CLY4M WBSNE5N8XSAV7TCJ7BRXT55ET1PE11WPN6KV V0D');

insert into "app_role" ("role_title") values ('YQLVWD7UA7I5IA0V8LUY3KPLSGIM1B1B90J 25GTSH17AG5HLK0JF1DVTVID9IR4URW5475LJY7RE0TNSLFSJ9MLVAGWL1PNF6DL');

insert into "app_role" ("role_title") values ('L5P40FRQDROMAF9I NMJQH0B11PIBJIU74 3CSFCR4TF9SJXM3XCWETXS616J1TPST8 BWQ3E0PWKG5FC HDHWGF8NFSQ O8DD43');

insert into "app_role" ("role_title") values ('DP7Q7W9LN7 R9BNR8XBNU5WC7PDS4JPGM49A8RQWOWSWNL7HLGSUAX LXJ31ELGWS656R4UYGE65VTB8MG4HFTL4JV0VNB91BU5X');

insert into "app_role" ("role_title") values ('60POELS2JJKJ3 HA7207A43IK0F996BI21TUMF0HBV NE3XCSJ  4P9EWKLRD9Q13A3WWT9I5FWOKVGXFNLBN3CDNCWG 7915EV4');

insert into "app_role" ("role_title") values ('OSTL0B5GCFXOL9FV3U4FV8U465S79KWK DVE4AXL2Y4GWUC4EF6WWQBAM82KMG93LKIWTHVIQLSF2BQA3G2E3SN7OOPFJDJCUIQB');

insert into "app_role" ("role_title") values ('MP E3LH129BDDIAU2XK CP9EJ0ONUAG757O8F6Q0XMA5685CK57H9L8B9P1982HE9RTRQMXCW158 AYEG32DTNYCIAC3F JYWRLI');

insert into "app_role" ("role_title") values ('OAFDCKWY CUQTS51W5PW93TXEA8971PTJFFLUTXG04WDUXQO7HNQM109U73YG06RAI2X2 YNMF5KVNMB02XRUJWF2 L03LG8JUDG');

insert into "app_role" ("role_title") values ('VQ89W FYFNYP89HBEJVH1 2MP9FVKYCL9BAPONKC85BEHJ8XVJPCGHQA20D5B8R2FG5BG99W2YOQ0E G KMMJVSS1CW9B8FUNF82');

insert into "app_role" ("role_title") values ('BP32XAETRCF N48SBI96RB67VG06G1BU2WMHY09J9X7XXCJ0BW4UDKNSUG1LFOM84Q97GGHKROTY0TYBVFACB57LSU1XE6SLK9BF');

insert into "app_user" ("username", "role_title", "email", "password", "registration_date", "last_login", "deleted", "banned") values ('W7D9B T46F1RVNQ6XA8FAKU1WYGVDJ7W38B 906RCAK 5Q71BGLMOR6D51QK28HHUM3SIQO85XX8NAUP6E FBYCJKFVE43HBC1RLH5L19F4WHBWS WEY6ETIOR9HPU5XF9DMPSJH3X MUCYMXQVJFXGXON724UTIL2TD PLNOK9D5F3ESN7VDUI8FSXQWV74 9YN5J8E', 'O2CFW6I4ITW FL1RB93ATYYNQTPA H4OTD7FDU7TDXMSHVJT7JBCDCHWL04BN6HQR86H3CODS2FWV89I4WOLGXCLTUFC5PHFCH1O', 'LTI18 B3LJATGE9Q0MKCHLNOEB8LC7RYVPCKFE1S15QPMDDRJE0QBGY2A08EVUV A2HHO169 NJU NUUISPNCAYN5CWQDGXFU0LYPT3R0J8V 8YC81BGUC51CD6VFUYF7SAFH9HBBG9P5NFARCEQCDHLX9 CM7D QN3M2EJNS 0GAVFKR0FAGOCKL35YTE0UFVDJNSTF', 'HM4L4XRK1XKEGRJOA0O6N HCPJAEHAUTQYS81 5IWY288HM3O1QDXXE80631P C56LRE8OBBNPXHC9GIE85YIJLQP7VD7XNBXHF4TYKCH1V70LSVTIB422HJS T CD97QM2R CKR5SJNOITW2XGCE918VU1TM31F10WY7WFH5UJDWK43UHQDJIJ489L2NFADVO2JY7N9J5A7DUOQL889KLOBTNC888O6 QLR0D7J4O6B0YWWCAXBSXMO6H52CWCUQ9D080DMBEI3T2KFTRP6OEVXMAQM2AQ36EA3MCVK6BG7 UVYDSCNTFDH0KR8PXTG0B1 D1V7FJ4MVHHW0LJ Y1GKYWQHNQV7K7A0UCW6I3IMYSDFFCXK1OV6LW5AI9NGVCLRI1XUE3HPXY J', '1316-5-9 1:32:52', '631-4-29 0:52:0', 12, 0);

insert into "app_user" ("username", "role_title", "email", "password", "registration_date", "last_login", "deleted", "banned") values ('OJMEY7P03I7TG1MQGVJFLDHLEOGJ8DBCF3O8XTP6X5KMBVXEWN39166HB7 CHV4WYHXL WAC3HUSPAU3LWJN5R98TQ2Q78CAW PN4N5U1EJ3LQBC2EOC023XO75MY72GKWCOHTCPVU1K16LKD0ACWLGKCLM7CYR7YM1EFNCQCUOJA6DWEL1X8CHUWVOX9DD1NHWNGX0K', '39T7VODPJX70J3PF0TR D64IDARKHDC7G7SMR5QIOLGUUSMD33GBB 4L4SB20K0300UXILM8SE9BK919UYNG138 AAF9FCFBR16U', 'YUPM8JGUHBSC24GWP3ESYR4JWRIHNJ9X PKX1QHH KPA210BAFC974CEHNP1M9ABQAODY2URT4DTLALC0DIYSWPI4W3084MIOCYAAQAMCEWYXD6B66CV71PQFYPKCTG70OC7LE UGS9YI64AS667006RP8H3 JEWI3N0JCHYSQDDX796HNAG RD1U7ABA2GTNFJUY9RC', 'YQCF09UQHSOKXVRFFVW12EUWVX4VWINX7WMWP9M3FDYT7U1HA9JG0F7DYXT M6N5B37H1EOG13HH2OQ3W2WO2BBI8J SLUF2JUQEIJSM2UQ8N8O5USO5A66JB5MN21GEQNS8QY77 M52AT DD1CIWL8GI8L7EXORG6VTILJLVC28ECB5BFDQ9QA2QAOB54BGX0D7RTSYH1PAM7OQ8K22W8KVITL8 T5N1SISNKF97R73PCF6B4O1HAP84EWDQR9898K9DCA64JMPLAF9FTDFVPRAFM3IG45WT1LJD4L9XHWKC WL1D6C2O6X01MO9QR4H LV8F0T RXA70GHDJ1471TT1DR5HVG6TSIQNDLVDHFVLF4364WGL4XGD9QKKEX1XB5XKHUBQV3I0UDD', '361-11-8 0:19:1', '908-11-2 1:9:35', 17, 13);

insert into "app_user" ("username", "role_title", "email", "password", "registration_date", "last_login", "deleted", "banned") values ('VDNNRQT9J1GMJXT923JKMO6AXWXP6 OKHH3R0GDEW91BKDE3AA86LRW3RC20EN YY804QF S98546BOGKLR1G0NBPA5C3D2ONSB4SCYO2X2FEXD5M30SOA L17WQD EGM8VI8B26CE XGVRTTYQAU3UFNOYJH XSIQEC83F3UO0LODFU7COQPCI137VCVCX0QILX5WK1', 'I4RVSF5RFQP9BQLT5A8RNLAHN3YWP37OQJBKR2SAQX9JD2S618PB49CLY4M WBSNE5N8XSAV7TCJ7BRXT55ET1PE11WPN6KV V0D', 'KR02WHRLK TE0V1QFCV6MO01KKM4TH82PCX4DJ80YMS46C6WP7XYE6VC1GGJ9TM2T1OYCHQLAW9XOTBBLB 7BW9EI F2MM6Y2FU82XLCUD0HXDDINAJP5RSJ15V0BSG9D3UXX Q3HGWNFOLV1R KT4HXD 1WYPI59P 9EBBCUPKMVWQINDL7GYTJ G1KCCPPXWJS760G', '  G8PR62JEOS6OCKND8JYXLSF5IR6D1 VWFP4DNOOJMY3L8DEUFW1D4OFK5E PDHOUDBOUU3NHII7LLSAM8O7Y37FEFIF112UOTV9OMXY 66OMR05O3QXGNCP LFO32UFC5FYU9IOWCYQ6IYCYDAV3AV9NWT230L7WNA1UI0N4Q4RA0D0FCSVOUAPSFL2WOYL9K3WQFDAHU8DIVQU562XHOYAT7YCRDCOJ R34JBRY658X1C97W24DIY 65DPKTW5SYEB2SBRH4 86X9CMI6SPF7DB2N3P2KF4DKH8HNR2X4GDCCQKW DF CPRQSM3M4IO4XKSBDTPSA18I7V7VCGY4TU2R5J5G33MWIRGHCOHTFCY 9PO2GS95VFRQBAWTQK4EOFGI6PG0TV9UO', '297-7-22 0:11:42', '208-2-13 0:16:7', 0, 1);

insert into "app_user" ("username", "role_title", "email", "password", "registration_date", "last_login", "deleted", "banned") values (' U4PJ5EHFIFI7JSEMG313K578TYTFHFGS07QQH3MUPGEERTB20 SWOQ7QVYVR5EHXB5I27C3F58EIJ4EYKT3696PI0 AYQ83T L6IMEDT71RX PYITQM FF2JIBGXM32F5716NWTC7337PX5JGUFISVJHR33VNKWG4ISCMWIYIK81UJVK85S5K83L5G7 ALW74XCHIUA', 'DP7Q7W9LN7 R9BNR8XBNU5WC7PDS4JPGM49A8RQWOWSWNL7HLGSUAX LXJ31ELGWS656R4UYGE65VTB8MG4HFTL4JV0VNB91BU5X', '3NMW4RVC0SK9BPK4UPY3E6UO7FNA5AUJ7WJ85IJ2AR0OTE15QTPV677OMYCU9VAHN2SL5WO4B0XNIJUW V6MW E2CAMUOS51ORMDF9LSMB8R571IN3580KF 68CXPBRL4PA3FF24AIQQM04RFM8 1LSBLK90SCQEHLWOTQ6V6E6NX2YCNQ2DN59UQ63AL96JY5I9C5JP', ' 85QCUTIMH17FSG5WG4Y1KB9YQ8XAGIH 3LX4QBIAT3 QXI6RVK892BS4HDMECSEQKT0FI5H0G523TIIHO3NWT7PLW3058XXVY5BK8CRX3D8IMEJ16 NW56SD40EQ0KGOLTD5K7HVGUH8YHH1PDXEYUK3GPHD3R04UX1UNKJE9J3MYLCSPFHOO4A45K7KE IU4KHH6LOMCDO5CTU8K2K58G4FI SUD2L3VN33DUCCH42KCSKYQ7SE6LWNV6P 0BQTJ0JV DT2KHEMPFU8POX7GR92KBRXVD4KMGU39J4WG23DR4S  64FNKNO1G O CRLNL8A253L1FVW9O9Q4BR5U0A1OJRIXPGT7181QGBMAYQJM9 QONKKMI6FYIORUDQSV9P541825YWRPHE', '490-11-4 0:24:15', '1362-7-19 1:50:55', 10, 3);

insert into "app_user" ("username", "role_title", "email", "password", "registration_date", "last_login", "deleted", "banned") values ('9JHA95SUQ HADDOHU3C1RGM6OHUY6RLWJOSQWS7KUHOTWIRAT1P5RODKIIG36DGPPHB74IT9EKGGJOGUSHBFQY3R LYJEV2YDDUP9M0 H6DO9768MWVWKTE514EDVBINQW1HRYLJV6059WODYV01BCA CJQXVBAKQMG29TSK1JQVR55XYX9H865939VTQXBAW5LBL38G', 'YQLVWD7UA7I5IA0V8LUY3KPLSGIM1B1B90J 25GTSH17AG5HLK0JF1DVTVID9IR4URW5475LJY7RE0TNSLFSJ9MLVAGWL1PNF6DL', 'PW6VB0TNAM36RW6 EYDBU JRD50A 02Y0VB142CW0MQID342 TMSIYQP7FAGSD5SV9 2UXP151AQNE73NO9TN71PKR3S2OK5P2K45UCVN8XGX4WX3LJPI76WA22J6YGSK9BPVM6W5JSLP125RIP3J07AT7RBORF69UEJ0JIGXFWDLG07QHWV87PI94NXC6GL4XVPNH1O', 'VAJF25V2SD3O0DM0O9NQLNYYOOPX4WDPOKEM53DIOF WWP5CE0GOG9MFUVCOG7A D6EOJOMWBPSVBI3OFUW8 EWFMSW8M13 RURE0LOBMR0A73 P G3BM30FRKBYQG BC9HVM4YN4717S6QVVL16XVMPMBHK1 LCC8JFI3CM1P7XD3OGL1MBMSSE8650XPY7JJTRYT2O6XP2DOJHALPIMGYB9D HX6JTE02RF5U14LPGHAGSS30UX 1323KJRL5V2H OJGQR E7AFU0XIG4NR1A5MNDY9L2WBU5 3Q7NM64 7R5BLJNKGSDPN9TTHDY4M12G1C4AIOCAV083T9 JJ EPDB7GLMVM1044ECU1SRL5O218LNIPPUVXT3PKXOA8DQMDG8039AKW2 PE', '1809-10-21 2:24:45', '461-2-14 0:40:37', 5, 4);

insert into "app_user" ("username", "role_title", "email", "password", "registration_date", "last_login", "deleted", "banned") values ('27W3AR7CIQ28NGUP8SKY VU6G2TAO6XCO6QDF8UW7WQG3TLXCOIJC9MB82FDM1B6AJDKXGHK63HRAH09NGB1OVRNTUL9O58PYBVQQXX5B1JW076T2PG6XWQUB2GU9HXFFM7AWND93FWYA8IH41C A5JELH FYL2N1K7VP6I8P1IC9CWY 3BT2WGJ6X4FHIPFTCMIJKC8', 'E3LB RUKUOP40YAS2MIOR541H6F5OD0SM0TGX1H S37OG5RUBR4FI5G0NXKMYDXORD6V5A6PF1SOE1991U0481M2 200XOTBTE66', 'WA49F8F7PM37CXJ3DR4H0UX48KPI4TXEONC24RD5208KPR1BK4GFQWOLBWTJUFOBIYARUYERVR6OEYY8X7UFO1VNP3YPGR8WASKQT9DKS3NLJ5EP64DG7G6PFBU5OTXBKPRKGNNU76BLILYBQV1RTVKX6R3AG1INLAB5DMYP39PAT2JHMNQV6LHBAP6WUI4N77KOB9D ', '0NGKP7PXL0F0X92J08RRM1QBC6R2KAV4TB1WLB61 HF1ARJY0JO8FDKH6APIW2IPEP9QG10BWYK4SYCN3PEXLBD1JNQC   7SX5DLSBO VQ0DAMLOWUC0IIBT75 T43GR1JFGFNSFSNQ6MVHS7V7O5PB3053K833M9ASNFY356XOGGYW3T6IRX3X33SONGKIER1LXQIUQN5EMQ93 XGMN38Q8J4YILKXSQEB8V40DSQT9 G5ER82TD15KG GTWGA4FWNLUXEY81258OY2L QW4WDQ091E63EE5XMA8GM1MDN41I5AQ2SP4JC5DNQ7RQP87TJN4P QPW98JU51GRN8R6TTRQYEI1MYXTY961MY4NXQC05X690JWCBDD3C8V05IO0PTH8H5PNYYNU5', '1178-11-5 1:23:1', '1263-7-15 1:42:19', 4, 19);

insert into "app_user" ("username", "role_title", "email", "password", "registration_date", "last_login", "deleted", "banned") values ('XOAN9XLOKKK7Q08B55OPQVAMH46CWFA6A50UQS8XC683XU0JC1DARSPVD5EZKW8SWCA3ACXQIMCKFADS8FUKQW7LGOT4BMFII3SYPI4VVPT46T8HW8N40FJ EYRX8TIMMDY5XRRYX7JG8B R5E8W42Q1JCLPG8K8A47R012CS 7JWCEKDWW3Q3AIT6H4C213BAT39WS7', '4SUF2GWUBU3J67V9O2LTL1ML70MC11ECNT E7CIFOD8E7DHTSPPAQCPGTHWWXQT51MRIW OP  EDLB 1QALOPMGN13N8TKP SX9O', '3LAI2VIDKJBL3GQMRFJ 3SCVY2TK53HDLGGF2TN VQG1JQLC78ISKY4Q1L8KX878I7FGTA31LHTJMBPUXG9XTMTB9JUPUAWTI6GBF5G2EYWTNM46XG 7J 9K5LP9AHB2USK06UODMH6Q2K99SOOTLPK5VLNTRHLTHERTGB627CYKGM0QTJB4Y DK7BI8XJCJ1JY8W2Q ', '89MVY0156J5U5P48JUHX5SH9I7SWF3FWY3VIW0NF8I9NRJ9JAX519BCFTFUNSYC0N6VGXE  4NNATBOGOBVRCRU9J9JBX MQLYGLT67I6BHJ7K18CKF0PGDRUJHCSGK8O B0HXXECWTG0EGUG6G4U7RSG76FI7 EIR23XP7V7TNDFCE5YPIKDC7XU61JFK3W9V9JF3EY2JTXVJRMDR463QBK3HEY GH6UYBABADETK50UNUOYXN2YT4WX2J7R94GTMKM3XCS2EAU2TCFIXCN2I3TS J5JXGTBJ81I8XE MUUDSFRMDGINA04QAGU9YB08EHBCX7FJRBTQTJEF12O656AG49Q0CVM2YEKMAMQ7H4QCMNRRN6B6N8LCLTH0MT0  V6H4 09EKYIK36', '954-12-23 1:3:38', '146-5-16 0:10:18', 9, 10);

insert into "app_user" ("username", "role_title", "email", "password", "registration_date", "last_login", "deleted", "banned") values ('AWJOKWMLPPY6M85XUTK2D6UV2X1S0E1GVT1GSK9DUVKWUVKMXPTS5T9XM2YQV2ASMP8NADA76FRBGTBO 97QJWYGPRM4J1HRCIFGY 44THKPTFH0MYIOFS2FQ5YDV XLE6Y9TJK F6TPBNLA2CHO D2JPDSAW1DDWS0Q2QSFDMC7LWLY8WS1G4VCBJUUSXYWLDNT1RFU', '4SUF2GWUBU3J67V9O2LTL1ML70MC11ECNT E7CIFOD8E7DHTSPPAQCPGTHWWXQT51MRIW OP  EDLB 1QALOPMGN13N8TKP SX9O', 'UUISKRN0VHPTUMN3MN NNCHNQMY583JTRE 6BIVDM0OXJVUR9GNHV9G7H6HODY7Y EFTRYPS8OUNKKPDWN2FR2 3VR47CQRN38U14OO1N0SKI0HKY6NIN5A05YFEE1LVBD3GSROOEN H64RPJ0PXXD F5DS8V0KEMBY AW 3Q6THIAMYE5HA841KFLLYAAVSKK4TA8CD', '4YPYET75FUW0NV4CS8UR8QMQH8U1OGKLOTHEQ9LRD24KGO9JYK18B 54FN4WIOAW708P7483JJ5O673AMU6VEAO79DFNS4QO5HK701GLXGD4O3V3LWS38JOTT8NQF7W9O31JI7WE649 XK77AQFPQ81IJ PWJX5VIS4N8CNJMV2M5B8PT8GS0B1PMHA4DQ9E3J4PTO9Q811ONNEEXE6MBBDITL2OCODLJBB631KKL 83XBKW18TV0A6VM7L50B3XJ6VT2QXB05O0LM0L8THEOTYH38DD3QEQJ5UPTK05F B HHHP768D10LW0NRGGKP1JD84OY VFXYQJ804DGXBYIGCTG1T5WTPAXXO3RC88ICBVS5NQSGWGG8VKNE5DHWD40O9NH1MS942QMSQ', '1098-9-18 1:15:35', '1653-4-10 2:13:55', 11, 18);

insert into "app_user" ("username", "role_title", "email", "password", "registration_date", "last_login", "deleted", "banned") values ('O1TCE6T8P7YE81S4XXTCXV7UT0WT8CIG1MUKNX04OVGMYLKYJQ8FRN2LOUN9CSG6RNXME8CG1JLVBTBQT7JWYJXBUYPW4W3TVCIHXMCRAVPN8CL23O5XBEI OKTWM0NW 2VHK8 EMIXMR7ADBFAYSL0B6WLKW0SPF595VNOJW8CV22TW5U5NJ 0W15KM98KD4YTCK152', 'YQLVWD7UA7I5IA0V8LUY3KPLSGIM1B1B90J 25GTSH17AG5HLK0JF1DVTVID9IR4URW5475LJY7RE0TNSLFSJ9MLVAGWL1PNF6DL', 'G8KYNHHAXM3ECEWF6D22D55FDQ6EOIUG4KGLT36E6INC6NDU8CBEX9HDYBMHFX 1WTKBF7XUWW1JTWND59G0YXAJU0V5PBRKNRWC3BFVGY5NIOED1WF9LXFM8E8MTXFAU7D7IIPKUSRMM2M0Q12U6M5306XL9NR9LXTOKC8TSNJOPNS7PH6N5T57N23UMTX9RS TAYW7', '0BK7PL3D0AXEGIMF3R7141EAMRULKP9QJ9VI25LEIGMUWPY2VE4FF 68 LYS J9PBVYD0WNE4AE0CDCAS7X7MAJ9QDSSN5XI1D9P73MKKW3ONAMSTF0BYJ0YESN3I5TT 25MGMAT6HD RT05MDP3SVLO5JPELLU06BXLPTTX 8V9TS7OIFA3PUMIUB0R45DB6FQ94KRFMF563N7GFXT5CNXF VKGF 5QCUOOXB3LHANP0AHE09DFL M3P1911RC0LXR4K 9KH4O077W4IWVBH2C UMVDNQIQI5V3N306BBIMDDQ2UA8I4M3EVF5N3NM6D0TGWMJ386BBHAOHMX40V 9DVDO8BT2H20AB75GQ7446K2RD2C928WMONDYUI1MK6OX3ORSBUKWHV9JH', '1905-4-9 2:35:5', '691-10-4 0:56:34', 19, 5);

insert into "app_user" ("username", "role_title", "email", "password", "registration_date", "last_login", "deleted", "banned") values ('MSXMJ3WMUBU2T G0KM6Y5OFRQVK8G4LOXYKJO0OAD8BF1LQPSLRT6R8JICG6L2MWMI3E6 RGB3JBTAOWAFLO2I85DVDW5O7X6D6DVT3HXB8KW1G8DGSBQG5SXW0DE6SUQDGWQS1F5H695GP503FT9L2HD02UVF4H1GENWPF8I3YUOKETSSIIUKE0NP4V6RGEKJHNPYFK', 'OAFDCKWY CUQTS51W5PW93TXEA8971PTJFFLUTXG04WDUXQO7HNQM109U73YG06RAI2X2 YNMF5KVNMB02XRUJWF2 L03LG8JUDG', 'MP0DHKQN45GW5YHXCSQLQCFYSNG W0Y6B8QHTHQUPVG3XXM5W5T9HO8ORESTRQ3YKJ22PME2YLO E8HEUW5K QQKH0F8CSFGNWAICOVBY9INPSC29WIHI1OLEFQFDFFIJPNF2XJHGUAE26WA 1KCHL9HJM ULH0MVB7RB5C6VD7VVE91G5UNE 1QNOA928G3Y40QSNJR', '3386SRG NCEGXOI2XM9GG1XUE KXQ0UF9SG7CFCMY9ED2LAH8EPD 4Q3TVVDPX0JQ1D8VBBSA643H9Y0KPL2QQFMNQI0H8RXFH8NGCSG32RH0KYO6662E0MR442CWL6IUU94D0NBF1BMJ03AVIL6UQDN5M23 BS 5SJL0B4V 6RW5LLF6GWH16559VV9V4IT6429 RUG5LY02V3G9R3C43S0OHU8VBPAGKSO FW3YHOWPWLIX8 FFUJM855JHR2D3YILWWQO21LSMBKJOPDNEA39GK 2AUSXW4X4SC7UUG97H7V8L Y8OSJ HHB 4EEKCYQKTDN B06X79P2I0AN1BBK7N4QWXUMJCFKD6OB2YR1ROSBVPWODBBL1X70PCI988G2 IFTHN9XB562', '1458-12-26 1:42:27', '1747-6-14 2:22:17', 2, 8);

insert into "app_user" ("username", "role_title", "email", "password", "registration_date", "last_login", "deleted", "banned") values ('9Q2YN0YA0YV1VH4XAMM932E1DM04KEMVA00LFY8AK3AAW ILID 3LP0I8O7M3F1D3K2YL0GF0RHGK9956LHTROOTJQ802124X2HLSE80MH10R0HHS C0WEANDX4CFOKWL7GAVWN59TFOHHP9K8LOCW1IEAT18DPALQ 6TQ3SHE3IVGV0A5B1RPLR1Y7SPN5N4E1KSQHK', 'DP7Q7W9LN7 R9BNR8XBNU5WC7PDS4JPGM49A8RQWOWSWNL7HLGSUAX LXJ31ELGWS656R4UYGE65VTB8MG4HFTL4JV0VNB91BU5X', '9VEYP2X R8UA1A0M6LRQVII3NM R9CTECFUU89UNP6XC94L85IDKAQBFL8XNOJB3J6IYDNBBO1DA3MJD9J DTRCU2HMG57HKV7824E20RSDQQI3QWTF012JQWXNI R9B0PQ7O79LPH0PJXVN2JCNPMADP4LDK7YNBVONDAFOV8BE OVDGWDQQWAPONW0H0ANSYM0PGHO', 'Q 5DTQVF63DUT66HWK789LD9GGW790B3WUC2K4N9D08HMFYXLDVK18G5OOTS0 31QAQE3IR 3MDHPNI52OOTCQXUDT V9ETACDE8VHPCGT8QRXRFOJO 9XJFJ8C S561G6ESO6GT7J8BOW5SJ0TF36ESPHPUKK87FTMHC79PSTMOHPG5C90RAF1M50UJNMJKBEX2XQW09OLGE1W2FE2TH4DCRCDCEPYMS41LLHHND48NQ230TOMSE6S744UX5UUN85NBNOL6H9KI0L1488B4Y506FVP4JIWSMR9VN440N8HJVU6EYDOJ7153L9B5AQ9UN6D372HCL5TL5OBM0C22GFUJ3XYF95GILQC54CE5N79PTDQ91HUY0E T5LSOKSF5GPFGEC25ULFB T2N', '1749-2-2 2:15:18', '1165-7-24 1:30:50', 3, 12);

insert into "app_user" ("username", "role_title", "email", "password", "registration_date", "last_login", "deleted", "banned") values ('IWCT98A IGDKTW1EB41HAKW4  I4361 5 D63NP5B M3E1UBWY0FHRGNNC5S6 G8YBCI139DKKSNKAT45PN31CLX9BNROISE2P8WTFI9O2GLJ9B91LHAR MFLRLJDPJ9CV1UG4E5SF8LM7 X9XV3QW6G3OHW6 KF9MK1Y3B9NJIICSW3305V2RC1VXPW6D78XTKHNV1G', '39T7VODPJX70J3PF0TR D64IDARKHDC7G7SMR5QIOLGUUSMD33GBB 4L4SB20K0300UXILM8SE9BK919UYNG138 AAF9FCFBR16U', 'B45EQ0ITD7107YPLP5YIH9F74705B USQCDHMROSUOPGCC4KB9YDFIUXLX760P8XI0ORL7JTIMPEJ6H0OQ5CEUI97EJKS TVMDPLTAS6OFADC251N8KELXSDK141PP75RN NJCG09GL8E5WKQK8VEWFB 82J3AC195XU7C06X2M4M5YA2G B9HKTECDCCOMO34VFEQBC', 'C38SFL 4LYW CCJ1VITQ4Y1VUKW1XFCXVLCFF5MBWS9K0YJ33HLYKKAN D2T351Y8C8 VR149VR11AL541SE668K7CAV4E0CQSUWQOV1H0785M8PIO8NI8NG7TTQP6IL9F1V7L3A03AC4PG5IVSHDSQ095T4R18WFPKTLT4X0XNQ TNJ3343MC3NAPB4D0AAH722E6RT7IR4VRLRRWWSB1RLXXC3SP4IAF54808I1P3J2WHJRWLBOF3UGBQOB8N5E0ASX74ENJX605WB OOM3O 5RA9QJ85J2KU7D5IOQ0IMDWVB UHX1HN2FFNG4WCU4Q3QORSAQ50PU2SKX47S80P P9GCYXDX28A15KTYP0GIF7HUN61YJ07YHD74 KPI5QH26JT6CPSG595S', '717-5-22 0:39:53', '805-6-4 1:0:51', 13, 17);

insert into "app_user" ("username", "role_title", "email", "password", "registration_date", "last_login", "deleted", "banned") values ('PDOKE9KJI7I84WK NKKUNC3U6BPGWHOI1Y 9KGXR4W14E2RYWJ9DY0E8F KI9GWXDBKAUN858HRRIK6BNYYDOVL1URKIIWMY4HJREO8QSELL9AI8MUM1J4MU4M5KHFAPCKTYGY1GC4EENLVP7B7UDBSUPKJ376O QOCGIC6Y66V8PESFFJKH8PT5OKYRWU0GO W65BLP', 'VQ89W FYFNYP89HBEJVH1 2MP9FVKYCL9BAPONKC85BEHJ8XVJPCGHQA20D5B8R2FG5BG99W2YOQ0E G KMMJVSS1CW9B8FUNF82', '091RJ5  D CCC V3DG3I5MS044J89N UKO3E46CGCAVMF0NPD RP 2IM X3REWUWX44U082CJWVBPSWH1YPVB1PI32RYOANX87J73R8SMUJ0SSMPV1B8M9M60061Q130CMLVIN8Q342IHW8C4WTBMWU1XC GGUA3U1HIHEWXXUGYONK8L7CX5OH5TMNYTYQUV5C1H IW', 'OR1KVQLXADATELB140O1C6H91CW69SGO6M4YG0PLBW1RICISJTUGDLUAT4IN6UEQ J7SK5VDFNMIRL0SI0Q44DD3D8B4E3GUJD20O1OJ6C80UR0VVD43OMYB0UX3OLGP YCSE094OOVCGQ0L1UMQ71UDSARCU2NU36NMI22WSGH MX0D59SO2RQHAS9 XNPHC GBYL0H0GWMDBCC L1TRIPLWPQC45OPTA6WSLC9FJVA0DSGYSRD L9HJCB2QR2B934PAMSDVJ29W6IF6V6SKRBPU4638AQY3EIDUOHQSD12M84RCVHUFA6K3GBMB2Y0D9FS0DV2A 9LXMKRVTPLR3K77QN3QYGNVRW4HSXV4A3YN0AGUTVBTIKGTI0CGBATW WT6LYEQAUIUI2Q', '149-4-1 0:6:41', '373-3-27 0:29:18', 8, 2);

insert into "app_user" ("username", "role_title", "email", "password", "registration_date", "last_login", "deleted", "banned") values ('63OFS64X0NE0AYVKSPGJVNWI6N595UMWWFCK9V8HAVEQVAHRD23POBBBWWQ6EE LLSCKP0S89F47IIL2JRQRW4RW804N 1VJ3T0LWM 0LL CSWKQYY7JFV0Y37RN5BTCX4N2OABGLME8LA6O S847XC26UXI9BSBCGER54Q 9VLDU0KONHFVC4DJR9WSUO6N3JCOHQLT', 'OSTL0B5GCFXOL9FV3U4FV8U465S79KWK DVE4AXL2Y4GWUC4EF6WWQBAM82KMG93LKIWTHVIQLSF2BQA3G2E3SN7OOPFJDJCUIQB', 'W2OPG0TXTQY46WXG5IMK05DR9Q5P0YPWCYMF2JMSX8MBVC2L5M5LCPJ2IJU1VEJ0BM04XA1 SI75JC43PMINAI TRE8SWVG3HBJYIWHFTCIIMRT4A8SLFVTTT4005IDS78SHMGST7N5NR 7S371LLRMN5MV4T JIHN7H1O9NO9S1QXRTXA62QJCQUSBO9GNHYT82TPI7', 'X UM2FQ 474DL2 9K28N3YOR61O0OT36HHEF3B A2FNIEOGII7NNEK9R6KPEJ508LI9VP5PK7P4DC3 V3LR3FO705XXWW8T3V90ERFKUQN0U UCECG7KP1IY5A83ECYPO 5QD5SWIVN41 N W2CXVYHQURGQWB8U0Y3VQWXB42BME1F83OMDQ9XBLIBYCGW0HI749SWGQW6355LLWNAA9BYGFSE4VMMKGYN2HF3F54BKGXJ9XDIDJ07O0TAWR9FKUOLI3 B6XGQAPK09I5DNVSMAOUD7G9SW933MY4PD6PAWFQ5BJHWEPKLEE719I3J9 M1T23WJPOT88OJ0NRY5LUXUT7IKRR 1 QCRLMVV08 E154N2IDQAMTA87 W1SRHSXQGW00H78EVRFBC', '629-8-18 0:29:33', '971-10-1 1:19:53', 18, 14);

insert into "app_user" ("username", "role_title", "email", "password", "registration_date", "last_login", "deleted", "banned") values ('8PSFN B8LABG5V6FUSSANKQ7R2H31AMYRI2DBNFO5GCT147N0VM7HOOQFWPMDI04SOEJ9X93CBV5MBAVIXDXD7KOYTS33LBXYOPF2BMCR65 OFQIBFV5HWDBSNGO3CINH SWIUP2QFA3207S0VVU42KO2BBRB  FB4B2F14P6FEIV5SQSS2ASIXMJQV2YEH5 M CX WH', 'I4RVSF5RFQP9BQLT5A8RNLAHN3YWP37OQJBKR2SAQX9JD2S618PB49CLY4M WBSNE5N8XSAV7TCJ7BRXT55ET1PE11WPN6KV V0D', 'Q5UGH2DVAB3QW7C7PJSN OSNY25J4BMIG7R 1DC9B2HMD8E 5VO7NWFREQ5LAQ3EKHUWQDD7TG10JOOU9R6U4VJEY8C3TRRHJXAUV3JK7DBE 2R8R8IABXCVW QBBQY6DM7Q35D3MPSPFING2CQLEXM96DAOLHBNVMNQ2LT9TGT1RLQL87T3O7HHCWS NE UC2IBO55E', 'R7TAQHV6LNGCF8 MNPV5E2552MMBLDW08FY6WI3QIXY86O56HOBDR4II1C1PSA1BQQB439WX8HB6N84RUELYS2OW6B CU3DP6Q92MX5IOTB2DK8PWI10EAPJALPRC6UF12791604GHP51T55KOYWPR0CQ7BS2HXHKDC60660R00THR0 CJJ90YG2K7VIXJEPLEUPEPNDIYRWQLCXEUW3NTA7JPDC0AINLURU50W19 DCX42ELB1M9Y420ULYKBVPRI10HWSR6O4JDMIQERVAKD1O1RDA PI X5KVNOKY4S90KXEV  7YEOJY8NDLS0WFJL3A48WWMYXO3GXP3TSNV0FH0Q4DPDUQQPBJJYVKU 3PS1KT959Q401QCA5ELHNDBEU2OQYUMLRHK6CJ', '768-6-16 0:47:53', '1496-1-27 1:55:28', 15, 7);

insert into "app_user" ("username", "role_title", "email", "password", "registration_date", "last_login", "deleted", "banned") values ('QNFMBD 3LQ  4KNPNSJK9W9HQ38D8BFENIA1RTNGYA5RW4DBJINJOEUXG3K4N5J8UJPMS53632WR2K4NWWHIVAANOA9VS5HIW7DM1I2DVRKBQVBN5Y4BLJ0PKBL39JUL13XHDONYT1A35HU1CRN3QLSX0XPMX2QM6SUXSUDM2M83REWC8F 6EHUUIUNJSYKGUWI1GS5T', '6WXA4L1F OPLIS2HO0M2C04FBXM3J244BJ94 YQTDD5PAWXMCHFNDSWCITLBQI 5PQ108IUQTP6FHIL87TCF A9IAV3LQJ2GIA7G', '7MOR ISH YMDKQF7O3 9JEGIU2O7YX4IV6KLAW2QNO BOVEU1HJTKXM63STF1MVGK6LI204S9MJ2SNRO2L B4 S3FFNACJYUNRQQRK1TI Y4TK8OW2QMT1QEV9PDADB35 WT2U8SP0P5TM NHJ7VD5JX1HFJKHADU0XKSMHHV 760DK6AMNKOWRCAG7Y MNN01I2VA3E', 'KU4UJW1UVLUSHJXOPJ4NG229FLQRJRL2RVUVMDHUXYHWJ9RM14KDYXG7EUSIXC3CB7S11OXGGQAB2WN304IJFTUTC6K16X039T7TML893AC1K9FO3J4S9SB2PIMXT2XSEQ8YBGPJ42P8PMERBFJ02FFMKRF KUUR31 HA33FHH9C9WAJFVSDHV1 QWDBCW41ESERUWHTR0U77G5YSXSDFPJHMWQD5CMH15EBDRFC767TM6HRGSEPX4M3ARPT7WHPC9Q4J4VHPH JTJ8G3MCE4UFQHLCNTRE5DA492Y3FUJPY6IPD3L9SE4H KGP2INBYSG57VRX8UWUYALMJGYPF7OR8LGNMXVO5W0CP2KGOJ8RPWU4VTY678TMPAP15W8CGR84QTY9CI6PPWTP ', '845-6-17 0:52:10', '578-11-11 0:46:1', 16, 9);

insert into "app_user" ("username", "role_title", "email", "password", "registration_date", "last_login", "deleted", "banned") values ('I8DH365U530AURUT7SE8 27S82A2OUBTMNMRXUNL5VIDFHT1XLTAUOW36 COXTMNJPTR41WGW04MP96E62NOTNBN9CUOU37529NJPUQ3RQGLE7SL12LMIEKFLWT87LLVN5TGWYFWQ8Y2C0W5BH9KPU391E5TYOS9F9S31JO3FV14LU6BG94CCFSQ1NQ56E4E5K1FNBLM', 'L5P40FRQDROMAF9I NMJQH0B11PIBJIU74 3CSFCR4TF9SJXM3XCWETXS616J1TPST8 BWQ3E0PWKG5FC HDHWGF8NFSQ O8DD43', 'N7RIS XLI28ESDC1LGB1H8KOP9APIONVB0MPQ H10K0FX8L8KUXH65MYKWS4X79 USXMHM GAV0XFMBYH13BDUSUY9F9KTCNUXPDXILIHR3GT7OWCGVSI7GDULLC2XRHMVVE2XYOE32XRA6OOI4G4SEGVAHV4KTY23CC1L09JOME4KVKTPO50KVQBPAMP859R3T98T6A', 'HX09AETB0GJPD1JFYGSMK0AKWGVMCMCBH5H1ARHUQVSOI7VCU KWTCYHKRAIFXD1E0S7ET9T56CQL3GCB7LEA5000U0OJTJ7KW0TWY3JLOMT1NQA1IWBU2NVEIVN521IV74265C22N 4FBITADH1GCGIIKPCYVEKYE0LUWVB5FN5J44EY748BQE7UV7UT LO1YJ5N6TX6ETPAK88NKMWQIX0IA MOQ1Y2EDXILSB3YITQPWCLXMA7ITQARJCOVIAM949F6UPIIPU35MIPVPYC1A L6A15T6CV4CVOKC3PIAFQ BAJ DOY  4KKLWJEMMQLGPLW69KH2F7W81AWYM SXDWXOJG3WBRAS0PTIROWO2615VT9R3KCIN19NRNSEG4XLAPK0WACQTI44P', '1-1-1 0:0:0', '1-1-1 0:0:0', 1, 11);

insert into "app_user" ("username", "role_title", "email", "password", "registration_date", "last_login", "deleted", "banned") values ('8X05AHP4LAKYI5Y7RIB646D9A1XMDJMA1Q1PS4XFFMWRGIAU0TJ882PLVNP520QLIPATJLQUE7CELKWL7H U0MQVOFKRO05WW8QL87EQK51PFWA5HF3V8YFD3GIJDEO96RAKMTMBNGYXPME0LM9FQM575SKQEJDMXSTIPSII2A2HBDIG 1RXLUR5LLM09DSLDR1FK3K2', 'I4RVSF5RFQP9BQLT5A8RNLAHN3YWP37OQJBKR2SAQX9JD2S618PB49CLY4M WBSNE5N8XSAV7TCJ7BRXT55ET1PE11WPN6KV V0D', ' FEDVC2QLK7013EN563OT0UFYD C2DAKJ7VH4GL2MLCEAG2D 7TBQHF8KJF57MJOM0IS78M65FM0Y98Y27C8SRR954LHFGJ2DSLHKLRL MHTENS4BPHBJH5TVSWHOACVGJE5TX1JQU816BWGB6XPOUB2M5LI20D1CB1LQ6T0KR47YF8BA67X1JCWXYX8V4HA35KY8UXT', 'NR0TW5MO1NMN20XUO60DFVQVAERF7EO8Y4SPF7HYL8HNRQP2WR3BV03I7P4WFNRYL240Q1RT324D0IDH0GSI6Q J8U5KH5P21DV7JPIBKDAT6FY9S10MNENE9J20US9MGWW3QS7APBO6T2WAPDHIRWRCSG044WJGMFYRDGOEU4V0MJ29X9XG4LDEYE014E360VLJLC91 2B3HKPP7NWXIE DN3Y8SOW4Q4G2TMLFREFHEBGV FWOVRIVBCRD7RBGK3W9J1SJIGIKKJFUEJBSAP68204HL335XRBAETB47MSY9F1E6 HK QRMRXQUFPGWW5YO8R4RF7AM1U75QRLNEVB T 4086X889 406HPIO4PH36J4WRX1QC0B5RUQLJFC6HQWX44CG5QF0PQ', '1047-6-7 1:8:23', '1021-5-1 1:26:51', 6, 15);

insert into "app_user" ("username", "role_title", "email", "password", "registration_date", "last_login", "deleted", "banned") values ('TS648CEJOOS1 9FWR G7IBVOGALOH3PJL22VP763FNFS72STP6QIXCX2OW0VVU85SDC106EQN PCU2U42D3DGXQSB6RWBTU2DYM7O30WDTHAHH0R7S1H45FM8S8XK2Q3 0A7C7DRAALF 45I3R W6KK5XDMDH5DV WR9TC78RLSUACHWEK8V084QMN6056RVCWAQ2WR4', 'FRO0DFMHIYT MTIAPNO74DNA3HG2J  QQYQ18YELNB8 OS7CGB0DJA3SVGAU6LU6I0XP CLAFDHOA9QPGJ0QRGJ7WKE3M14CYAA6', 'B1B4KRUS5CWPMUS0YVXKHNW5E7XLDXLJIGUW0J5SF8D2LIKVJNOSH39WMJ07FXHJBQPVFL10BIXC9U Q631DLINNTDKQS KYJPQO58RWOVT44PSM0 V3QJJ7OV8EYOCQN6PAMBYQ1 59RF5EV6V2V8S7I8NQP3MKR0BVG9RHJMXX XML6JOLACO3CR9JUYOXP35YG L0', '4I0LNET73C2GTJNI8YFR5D6WK08GU TN2PA34I0VHLA8H74DNQOU9E5NDV2XSX31 KE6F9O1MVMWY83MYO1URH VPJCGKADGLB4USCYJ895DLV7P6 8YHK1R3LLNL105943FJ0D1OUWYVUHRYTSLB60CSN8FGQQ8Y9UI50WV0PQ6FECROGAIBC3FNCOYWCNKDXVXAMV9Y1IS4ENIA74OQLUK8A5NSHASSHIVRQ26V0XYW6LHGBLFX184N8TA69NB872QINNCQSL0WJU2H6YAHCL8TVTUAA0DAHO8PA7B9N2LEYGAC5B42MQT7Y2NHQ5X9OHEK2ODQUSPUAV2MMP3IKUKYAIA9A8R38FGKYHL6P2HU2Y1L14KVFHYXOWKB7UFEKGYAEFW6J7I39 N', '1571-5-31 1:53:16', '1551-12-27 2:4:36', 14, 6);

insert into "app_user" ("username", "role_title", "email", "password", "registration_date", "last_login", "deleted", "banned") values ('TXNWK0O8EJ1Y5SGH5AXVRS69OD2D7QJX3JPA1JQM22H2AFCC 3U7O4G2AR54I9JYYOFW6T6Y1KO9AT00AUVMEXO04ELBFH5BDN50LCSUKGI065 YVCSYMDHNRT8HIT7UYT3214XRK6V 37BF8FAC69SCGGXFJCU81IGVDM7YMAH5E9DIH0Y91U 74TCBELPVK4AGQYQD', 'L5P40FRQDROMAF9I NMJQH0B11PIBJIU74 3CSFCR4TF9SJXM3XCWETXS616J1TPST8 BWQ3E0PWKG5FC HDHWGF8NFSQ O8DD43', '1J5JQN4N1 TCA V2TQHUEG54WBOAIXDV0KMU3J1OAGS7DWH49FK2LA55GOCXR2DFLH3UC24MAVVE9B0YM8RTOQ3W44E7EXBVK78RUAL85AEDQ2C5IJ617KWXBO2RVKB4ELK87S  MPGWRGS29PSWR5TO3EIGPKUV7MM25LB73660IA2QQ7KW7ALA7CPIM1UNQ6RDIC W', '7VD9BXO8I  OG8W8E7BRFGOW3PAHKDN41M854CUHW2B0ONUB1MR YNU1TMGJAG0HBSDHSJQITUHA59FKWDE1W2YJ0PMYH5JHYYCT SLWRAUG4HVO51RKGBFDWEPFKJ6PIQM G022RBQU34Q2P89J K2CE8GS097I6PL15L56M FYON1 4L872F4 4OK9KIC0TJKD7IA5PA1LL 6GKRX3C68N9BMB1 N3YXQOU7BQ2CMXSM09WHI NIFGQQ5PGYPHSK6VIOHFH74BDKP0MG0 0O6B3IJFX6FM48W7SGFJ91EFJCX2WFEGKIBWIC3UU 4THOU6CM95GY87Q1QKJ8J1LC4OUV1IM6J1 QUK5RD3R7AWG9IF0O8OK08WNTJBV4T4F7KG6 P0I 51E44C', '1637-6-27 2:4:47', '257-12-27 0:21:1', 7, 16);

insert into "app_connection_profile" ("username", "title", "host", "port", "connection_user", "connection_pass", "protocol", "date_created", "date_modified", "last_connection_date", "deleted", "saved_by_user") values ('W7D9B T46F1RVNQ6XA8FAKU1WYGVDJ7W38B 906RCAK 5Q71BGLMOR6D51QK28HHUM3SIQO85XX8NAUP6E FBYCJKFVE43HBC1RLH5L19F4WHBWS WEY6ETIOR9HPU5XF9DMPSJH3X MUCYMXQVJFXGXON724UTIL2TD PLNOK9D5F3ESN7VDUI8FSXQWV74 9YN5J8E', 'TJF5J8N13PNJTXVR73I5UM45LX 9URDXER  0V8F5XJU30WTRTDP78QJLHCPN9AVOBHBW3AHXXEKW V8PWOB2DN4B OUU2H9P9XB5EN ACDJ2KS5XWYQFAGMV61MW77M6OBCUSJIQXJUL25HYGM FR0H6TF8D739IQI38TLFFHVUM9SV07YDF2PYONT7Y487OJ8HNKTW', 'S7X9GX04JJGRP9WAMSVLVMKX9C94G1E0HNGF7SE684EDD6NL04O4QG7V9U3E83 16P98AVSOFFQJICG79NL1D87BCC06B6YG7K 7DAYE893FQ6C6I4OHKV2U0PNRUXLLKJ25DO7RGK3KULU9LCTVASSUCUKU6KLPXWW58A53J77QQ2U303V LYOG5O6AVT2RLYSJ7TWFL6UYJLL V8LRQUKMT6UAJWHIK1Y KIWKCFBKHMT50KNI4HL3FDUD1MQIEKHDU6157 T7 9MIU1KSCFDCR9C8C952FWEXM5LKAWHSK3IRHKVG4SUN7WDYKPFBKJM5R8A A8BFY7EDP4WLA6F3SDXU1BQ3FXYS6V6DK39N07NOXNYNXQXJ8UXI5 J48K7V0YSG7M65SCXP', 4, ' 4XK1E942OYYGYSOU1MMD DMM7W7OP5K8EF9JY9Q S IT5CMGHP33AGXSK 590UHN8VBRV5KO59HHND2USKICWBU641D8JWB57U20MT4WWHWN4 TS 8VE KSR2S1D8OBAUW2P7MP 9C3NUSIN5RFTC9Y9MUKJMXIBRJ8F38EXHEMYKOJGF0P88SB 0PQTPRN2L2RXCT2', 'KH3FB 46060KEHN4ME10BNJ2IM1XAGIXYPI5IVEU9W7MCRJ5ML7GFUS68I1KBSA7FUV6OIJR4GSK7HIS4IHU2941QSI051DLHJEXQG2MX66JSGDYHBJB76S5QPTK78QFCHC4OSXTMDM 30AFP906 JEWHO4R 2QUTEPSR6HKUDAL82SPIKG5NO0CY0MH7N6RF2I7BRGU', 'N8NV8HYII KD6VIDK6NV8MJ56PDP5A3V3WWPDVU5JDSBHQMTUX114LD2TL4TOJS8NVANIGQ2KYUAU5 YU6O3A1WEUKSXVOFD9J2BYG45BP3MILBXESAB30ATEKMKJEWTK9AO8PV 9ORWV5OMYNC9514U6NSFO4HWUG0VXH9YFUW2IEMTMPER58FRLVDLFMXQ0J5EWO A', '282-7-7 0:20:1', '1-1-1 0:0:0', '1734-7-29 2:15:39', 19, 15);

insert into "app_connection_profile" ("username", "title", "host", "port", "connection_user", "connection_pass", "protocol", "date_created", "date_modified", "last_connection_date", "deleted", "saved_by_user") values ('OJMEY7P03I7TG1MQGVJFLDHLEOGJ8DBCF3O8XTP6X5KMBVXEWN39166HB7 CHV4WYHXL WAC3HUSPAU3LWJN5R98TQ2Q78CAW PN4N5U1EJ3LQBC2EOC023XO75MY72GKWCOHTCPVU1K16LKD0ACWLGKCLM7CYR7YM1EFNCQCUOJA6DWEL1X8CHUWVOX9DD1NHWNGX0K', '6Q76GHYTXU6IV293IH CLJ2DEC7RPLOUHJBSKLCJ81G9E4UPH6OOAMGD0C G230YGSWWKY023KSRR4YD3LHL8 PLJR1BMO2QWBJY9JG8C64HXJKHFN0PTTH9LYRHCKJF82QSJRJLGPA4 A278ANYIVWDH6HAHHF3L VEINKKLX1O6V7H FSH0DFN7TEDAOALP296FN99', '877A75KLWF3TK6SSV0XQIX1RV R GAFBBURIGLXNTC6X UUEYSQ03R7KWEOFC8O3MNLI7V2YORRADIGWOJ1KD 20B3H3X0MG5PNU48CFSYDNS6Q3WW7L1LPWTBNTWWLLM6QC HOT57E GEAL5HJI08OWNCJS2PEGF9I2RX8PET5MSB2QN153CXYFUKFDCT5TI4OFMHPDV4V29JFM786B9DTO09HCW4H5L1Q1TJ4XHIQ8M757BVKH2P2OFVSO 0CT A4VT0X8VEP8Q0F55P77BMU61SDM1H4WN4646D0 B6SHK7U JLXBOCQPHH3RM0M89X5AOLNKQCSNAHEYWCEYYNPM FRXJK1I417688H9QDHQA6I2EU9J7T40F547MSY54UFTVBM1ITK Y3Y7', 10, '248USRX57 4XKMEXB WJM  MNKWNJYMLKAD IKPEV660T5NBJ98UW2 Q4BD87G9U P1YJY9FS4F00U9QYUE3Q2IKKSW72JM8VT4DFFF2K73FWPKMK990AQKDGR7OW P3J2E X0E JSD0E977YXLKWBJ6X6W2R3VKV0L Y8RLM7ATLKAHBG111N8UQXG3ROXIF5DQK7J5', 'WLADG2W46GA4NJ3CR5BTQP9VB8M V81FPFLL7X0ROBUCMMIL6I58JFIOBRWY3UTVWC4S25VGOFEB9WJI4J0ETL EUHYAUCPIPUOUSQQXH53SJVTB7SMAWG2439HD203G2EYTA95J1W0UGNH1NQN59VJNS0YXXOTLIKL5LT6JX33U9R GC OJI4NKDPSXQP0LAY2HXY7X', '5 RG 351WBE02TQCYW0DHI4C5I3SQIFXC89YCXW6PVYQAYDXHNQ56KK5IO9KX9RQ6Y0OBX9297A1TRD30V9H9H5CDEDK6ILWCGEIJCMV9F7TF1LNKV2B0UFGACPACVF440UMU3QL2PE34682R FYRPCWF7EFIF9RIXLE4GRXPAKA   OXIK02QBROQK1USD24LVLLDBG', '1160-9-23 1:30:39', '760-10-14 0:59:11', '1265-12-21 1:30:29', 7, 2);

insert into "app_connection_profile" ("username", "title", "host", "port", "connection_user", "connection_pass", "protocol", "date_created", "date_modified", "last_connection_date", "deleted", "saved_by_user") values ('VDNNRQT9J1GMJXT923JKMO6AXWXP6 OKHH3R0GDEW91BKDE3AA86LRW3RC20EN YY804QF S98546BOGKLR1G0NBPA5C3D2ONSB4SCYO2X2FEXD5M30SOA L17WQD EGM8VI8B26CE XGVRTTYQAU3UFNOYJH XSIQEC83F3UO0LODFU7COQPCI137VCVCX0QILX5WK1', 'IR1FXC51Q4NT44YOE8LNB YH A3OOWOLO2VYT7IC8DFOUEUQAU3B5OP7HRIUTWDC8SY3IMAPW864A3RYU3TVNM8X HJUKT8YWVQYY5T7QSWGQKU7NGL2P7NLTL24S8LQ3BEY4YYNI6FBOPM6YG6 HCHY090FIE7PX58R8PVPJKLJO 0BOK7W7GLIBL1TXY6P4E9DMN6R', 'S0 RIOSSG5Q0 NFCXSQLUHJO 8KY JYWIS1N6KWM7160TUU3SC13IS5RP7 G5F5MN5QFOE0 NFV7HH07MY48FWQMWC7LE6KG 3ANLJ638Y4TI978 6N690 EEBHQTPMEWOV6R RY896CLB1H5K8GVU20RT2JOG66GYI207MEF17MKGJ3YPCR9MG45J0YFHGAD06PI6  E39PEX7 06G4K438E9C8L94100PTFGF383B 9IUSGNSW5NBK Q0VXX8HF2WC641VSW73HKQ16SNNF1V62RRNB09I9FDHCS88JBP HXJXOC482OVWG7DMSO2PXARRLKVVM7JTX CH507UTGWALYH6KJXJCVI S47ASG85JOMJEJWWNSVQLVLWYUJ68I18YOWQJYBPAFAO', 14, 'FXT8N7A7KC6XC3W BYDQ731MG46XYJ5M9FUV0A3 97G3MI3XR7X9J7SCTHIIIBFS 55L6H05MNBLSAXVUQC7DG8X2VNPQAL77NFNTYRUHC0UYERSYJSEHSQDD V3CL975H9HTFFYE QHDAHD5PB TO5IMIBF50IXP75T65K6J9MHI B55CVAE3OVB51T5SS9FGIP0V2 ', 'F67DCC83V369H40AYACNX BXA4VTOV3GGO6C82ICEOJG2AN 9RTM3WPT0RBDC71PL3NYL3KCUF2FFJ KQ6DP1ELAPHMOM6O13 8OA5GYO WXSDVTEL2YP U560YICI2ITWFACGQV347UKRK704TT4NLYX2E0JIN2BIORVSCMXIXFC8P1VWJXJXJ45GVHAXADSF8F8HLE', 'TD61CWVL UMAN24YGN6DR5L09EP6G8CGR8OAMTDPLEOXCEW7 Q41Q71DUQ3F5071I7F9E8CM0KMD6Y901U7VG69OI2 WB7R1PLOGF51U6UBA9H8L4T31QT9AHU5FNT65MSLMN14JNQJM 86 BHGXLFFAONA42D1R857V40QRORYPT2W2FTR95UILP 1EM D444IH1MA9', '109-2-12 0:6:41', '590-10-14 0:42:43', '1617-1-23 2:4:31', 11, 4);

insert into "app_connection_profile" ("username", "title", "host", "port", "connection_user", "connection_pass", "protocol", "date_created", "date_modified", "last_connection_date", "deleted", "saved_by_user") values (' U4PJ5EHFIFI7JSEMG313K578TYTFHFGS07QQH3MUPGEERTB20 SWOQ7QVYVR5EHXB5I27C3F58EIJ4EYKT3696PI0 AYQ83T L6IMEDT71RX PYITQM FF2JIBGXM32F5716NWTC7337PX5JGUFISVJHR33VNKWG4ISCMWIYIK81UJVK85S5K83L5G7 ALW74XCHIUA', 'V43BIBETDF7GBKBK1UTJC53E16I1TIY152I239HQ8LMIF6E768X7ASU6RLW9FJJGRNCKHUGU5QUA8AXAF0SOE4T7YS7VBKUTO41RYLTPOG47MIHG3GT4H0SF0X7YGY2MJTW UMLOYIN OYY65Y9YISWNW8GVXIU7M35RPK4XUKGNL7RL8SAVLDQBCXIB1P9NXAX09L7C', 'XT14NN7E9W6QIA LUJMVAX BWP6K9AK9ULBI2JN800LVV3RK78HI35 SPN42OP8GYRGCBHCYW82SW2RMW1Q3U4QTBTDSYRC6Q8 6Y1X2OJS9JJB47CCT77KST81NN1F59WDUO9CVR1UAWC443LA6 74UX05UHMFUBR0IFT1E7S67CUAJ38DX4IJ 18LUB7MLBS6J6TRIPYOM9XD1JTC3Q2BW71AC6WREB01N5YQTLM4EA3A29VU22AC62KWD8F 43GQRNGKRY19P59EUUXDDL6Y1033AU2TD 77681AJFDM0SYFDIMGYU7UM1RGMHI9K3FEFJ C3DXS1A7IH5KE LH6RTWF9T4MW2749D4J6RX3RUK9P9FIVPIH4NSDCNPOBBR2UQS4C8PXIV5LE', 11, 'QXM1V XEBJA0INYVKQ0MIQXWIUNGOXAMHSPO8DC7PID4JC0M9 3HJ57BS3SOM5 5WLN7GR2F ESU0U91TS1COYAPTW17IV8CT98NL8YPHG2OO8MVEYKFJH85R F821OUPL1DUHAG8YRGC7AKSE86XOJFE4X6A260NKM1JPRUU4871YYFE0JER034A4DS8W60F1FI7KFW', 'O015UVCD32X8DXPQNX9MY49X3BBWUD7AHDCU 9 3BTP057IRXCBB X7XQX40ESC15GJKQIFUWDGQKXTV2IRT R7FXYL MNKB54ANDB1 T0M7IRWKVC4LQJQ8F6R6HEUHLB4Q6VFRQ MI0VD5SSYF6POXSFDD20HN8XHRQUP5 NR17 CMXRNCE8DV3J9JNXBTHXQWNJEW', '5H30CBNEVRG1PDQUQEWWI9M7L6C5S0RMMHHEEU1DR8UHQXOKNKCM5BLSJSJQXSD5CDIYX125TA77TYCX12OS0VHGIGRG36V14UE20W7PHXMYRC5 2L5XT2 JSSMQ7VE5IJFEXU9RS96WGLXIKUWUEP449BKC74F6P7MV3WITHCUE QV41J0NQ0B4FO2C9PVMHL1Q2KK5', '337-10-26 0:31:31', '1009-8-14 1:23:30', '767-2-4 0:53:53', 17, 19);

insert into "app_connection_profile" ("username", "title", "host", "port", "connection_user", "connection_pass", "protocol", "date_created", "date_modified", "last_connection_date", "deleted", "saved_by_user") values ('9JHA95SUQ HADDOHU3C1RGM6OHUY6RLWJOSQWS7KUHOTWIRAT1P5RODKIIG36DGPPHB74IT9EKGGJOGUSHBFQY3R LYJEV2YDDUP9M0 H6DO9768MWVWKTE514EDVBINQW1HRYLJV6059WODYV01BCA CJQXVBAKQMG29TSK1JQVR55XYX9H865939VTQXBAW5LBL38G', 'UFKJPGKPMD0V 6ATNBU78EQU2U9SBC0M4UV6KFMB85E955X7SORQ435FA54KX349HM6FUBFYQKCJOSFCEBJGFSSVJPB08JJHDO5GCV YB3PKB31VSNA320BEE0N3L0ODXTEN2EOFX74GXMC9X14Q3RS 3KS3FBCRX0HR6RAA5I9MLGCPDX PSPQFJX9JESQ7U6SQY8 5', '50YCKWY NHK H84KNE XO8HBL9QHXC6RN5T20NYLSHB74KCBDVR4WWWAMBUY  QOD9WKBXYJSY320WB6JT PUP1II12VGATLEBL5YMJALIAIHFWW2OEL1A9AJ1RC9NEPHB4CK4Q2PT9R2TB2I Q 6V8SH 9QI0Y 1AL VDYWCH8DH8614BJC243VXJPPGVC34A26TV0MBAD4IFJVS8DERAB91F87J6RLFGIAGM3R6WQ47PVJ1CL7E6VGMEUHAIWRDWS135VP249QOT0O3BI1A23N78G0HXSOYRMC1JDMSPUL837RTTEJWTOWWQWL 0W7U9QFWE1DUI8MDF62OJBJURT1JRVBTV5YFLOTCUPQDE51N6XKW9C8YT1OK50H77RCO1YCAKN5484CWB 3', 9, 'OCRB 6NHESV45F7MITH051ERH1T1JDTCOXKFG6WKHOKQAHJ3V2Y5HI20VI11BVTQG9RG QI92PSSM77FTSBSSWP8DI9CIEQEBRCL55U19WP8O6RDHV2RR9BQD4JWBSAF6V9CTAK QCB87J2FMAJ5A7BLWEV3YFMQM1CGXJQ4X6J71VGTN12FFWIMOG5IX78YXTA KSX5', 'IB7DFE9T19GQNOG86B0YL7HOHC4LRODKXE4G7W0EJ9N6C22YHQ87IFKQX6SO2NXGKAHH4SVPHVAK 0QQ3NE33ML99HV4O8UOAG7Y0WKXM4G3BJC1S2US8GWDGDA9WU64RB5NUN51A4178D870YWOY2BVB XQ6DHG6F1LPY5RK1WNQN49SDPFG32D4FMD49O4GBH3U9HM', 'WBF4L9N5PHEN RG9JIE PX4QDFKHLYJV2DQ1OA8QBE JGCTYEISX0LVIJL2WKNVSPOFERE4UE6H7LL0HLDD0S4ASQV73 QEL5G3OLQ551NMX1W5U8T5DTDX6G6ND3WGOEY7O0YK52OY4K6QV5N3H2TP1TEYE7CP72H4I1903V80M4WL4UN11LD1IKGJ2VS78IC7HUEK2', '1391-2-17 1:55:16', '1600-2-23 1:55:17', '700-3-23 0:46:58', 6, 3);

insert into "app_connection_profile" ("username", "title", "host", "port", "connection_user", "connection_pass", "protocol", "date_created", "date_modified", "last_connection_date", "deleted", "saved_by_user") values ('27W3AR7CIQ28NGUP8SKY VU6G2TAO6XCO6QDF8UW7WQG3TLXCOIJC9MB82FDM1B6AJDKXGHK63HRAH09NGB1OVRNTUL9O58PYBVQQXX5B1JW076T2PG6XWQUB2GU9HXFFM7AWND93FWYA8IH41C A5JELH FYL2N1K7VP6I8P1IC9CWY 3BT2WGJ6X4FHIPFTCMIJKC8', '5KMQI7H7ESROGW1BAQK8BAH4P9OUURDJVYNR3 JI 28IN0 YJK3B48MOABCMGPHNTCOWTIS8NB2E28BH5334WKKT0CXXL2QJ6DYQE VOM3WTKA3TO UCXS69XFJU5AVYTRL1N4SYTY6J5EVO9 DXLUPJQN2S7E7I88OVL60 SICJXCKHRTP2IASXU6ED0XALMK6NC EF', 'APE05FA43UWSH5FL9WX1OQIWKXOA1889BQBNHJYMWRX36H9OHGX9Q3C1SH7Y5YYE54V39NS1EUHNYFQCA24OSWODJT1NH UOKQONVS 5P4SUMRR5C4N7AYBK9 C0FD10 IDVWH3FJM1J5SNFW1I1XJLY009YJP05KCCM1V46BEBOPD49V8NNGK6RH SLJ3OK280 5JHG2JKNKW9IW7VUVC7W30WGA6EKV4NEBN 4H6O069NW7GWL9V45W7F9U4V531FKOVSR FGO5W7VPIEBWJW0JS20CM97F1HEMFIUJILS8R9LYXXJ7CTRDWI05X3CB8R7N18IVNOSBEK55CW7RSLIFSBVRTCXRP7HD0BQ927FJT8A7DPHBWD4DQWGTKB7HMM1N4LBR2NO2KWM', 12, 'UH8Y8EPOM5S8B12G3H51TL2J PR80J L6G5HXSWRBOUJCTNJ4NJTDIGRCABUOP9SABV2IBMR3N7M0Y81H6YBII5K76EP6UGR591CGQS2 9S  SAWHAX8CLBTIYD 8 QFHK24EBRTQLEG12LX5BSM1CI0PCI3QOLDKIBK5XB0NUS465FM3IYP1TOK1 YTQ102DG35PWME', 'DS3D8L14YXTIGG NYIRIH2RB2 S22JVCOISGARM6HUWYGC3FSGC7VSWWJNUWXSEOTYRC2ELH1DWDERS0T5PEJIJHABBAOOO8EG7PQFJJBSBGI42HY0YW6EH0UP8HPFI1PG7KJ9FOMBL59CFQVF4VO3V7CNF4IO2UPBQ6WUOYYA3M8WQFST6P0VBILXQ0SPV6 JP4EO0A', 'M85FR120HNQ1OJNL6BRKQFIGOWMARLQU0OPXQ4UNSIUSQDR O0WDM4HF7IHT9MD4IJWPG61 A5WUAFX5UJ29I5FHDLS90VQ84XSNGS4Q1IE04R4E1YE9JC3Q3MI5T4KCMUGYI32DTHPG1 RTDDTP 3K1 0F6LTXGDGT3FP58144K5AN8IW85AAE49BBGHUBAFVOS8T5B', '814-3-14 1:7:55', '1286-11-1 1:37:0', '1087-9-26 1:15:44', 8, 16);

insert into "app_connection_profile" ("username", "title", "host", "port", "connection_user", "connection_pass", "protocol", "date_created", "date_modified", "last_connection_date", "deleted", "saved_by_user") values ('XOAN9XLOKKK7Q08B55OPQVAMH46CWFA6A50UQS8XC683XU0JC1DARSPVD5EZKW8SWCA3ACXQIMCKFADS8FUKQW7LGOT4BMFII3SYPI4VVPT46T8HW8N40FJ EYRX8TIMMDY5XRRYX7JG8B R5E8W42Q1JCLPG8K8A47R012CS 7JWCEKDWW3Q3AIT6H4C213BAT39WS7', 'PGP6AEIIMARBE7HI84AMYY8AQJY 9U7SGFH0NHGT25DF3694MPEQK3EK3YRUQM39I4SYNVJ6UB9HPB FD6C8LFP3UQBEGP6X3BO42IA7FL1UEAYTFQKWUOCEQQ5551WK0S2 VUPAXY95JAUIHPITD01Q8UTVR25RQAS84T4K49D9L0QHUEFCD6T5E1ONES7VEOMW3WA0', 'LNLSRAP8I1OW41T3T4Q GQDR X9UCQGGKVRW41H9T0VNNJ CSG5OVP8D80AIU BYXS9SMR4FX QEJ0FI3UFS8F89GPWIBH91653SMNBP4EA40U3V1KY8XUUAAD3 LUGEHR4GNE8VDMJ4J0DJLW49MEX50HUCPDHIND6NC7HG85EYO03CE86D 3R9IHYASRDM4WYIKV0T FOF7TF RV9A H0UFV9S6BHT271HAO72J02O10 VN8G5OLRWY6C3DVNV86 8OET3GE746OR7NQP89 H80YUQYQ3F1S7R0G2J 6LDVE700VV75U4E5U6KRSFVM 0CQPKX YPGHC41O3S TRXQKESNRGOCPSMIHJAF ETLI5QV8X4P0YMC5AXE NASP8830XO3647AP2PU', 16, 'S8ICIWFBM8K4UO6LBMT6EPAPKRKJ549HS06SBPN2PUTN63U0202E5V89DRSPR16K E6F2JJTYSQHVPTIFXK5H6 JTXT  MSSDRUEBTY6MG90YRPL77672V21FOHWEBV LDHAVK6LOC8YL1HHVPJRQQI4IHM9R5NSXN7TLAVBPXE83RK9J9B8G0OXXXY7YOPOBX22J15C', 'X02F7S7 ONY4CGT73ETCD9WFTKX7URPAVWNA2ILM3G8304RBXYCH8MKN2X4J1OBFQAXBW5XCAPNUHP PVHS6IMNSC6VJ4GWV3NUUW9P 50TYEKPXDYKDILAHVVPWARTN7EAHG0U18Y58JIHDKC2DOF56JM3JVOXJ121530MWS43RW1F94MFONK75U3CQFXG256R1IFQO', 'TES1KB0ATOGJ3EJDV1RAQNOCG9T3536GTEVTPBEDBX4 5E91CSDAS7BXTUV9HURBH7A610WOQTWYCQD4W4JB81Y4IUEWRRVAUX0M7OW7CN86RI0GFOOLS6PT7HVWL6UJMPT0148N5OLON8QKF51JC64M84MDSXH14PGDIO5MT69OD0HT47SWY65 K2YRCCWJE5I5R7AD', '691-2-21 1:1:9', '535-6-15 0:38:43', '1465-10-30 1:50:45', 1, 18);

insert into "app_connection_profile" ("username", "title", "host", "port", "connection_user", "connection_pass", "protocol", "date_created", "date_modified", "last_connection_date", "deleted", "saved_by_user") values ('AWJOKWMLPPY6M85XUTK2D6UV2X1S0E1GVT1GSK9DUVKWUVKMXPTS5T9XM2YQV2ASMP8NADA76FRBGTBO 97QJWYGPRM4J1HRCIFGY 44THKPTFH0MYIOFS2FQ5YDV XLE6Y9TJK F6TPBNLA2CHO D2JPDSAW1DDWS0Q2QSFDMC7LWLY8WS1G4VCBJUUSXYWLDNT1RFU', 'FJQFAR3IH5I44E5H2B1RAOT3TT7866GBYQL3F9W3 CX34IXCKN4VUT2BGM4TY440EX41YVEKOFMF1SF3041ULSGAD0TH5WBC74DA2FB2HSLMO4DY4STVAPWGDWOCM3FEEGC5 9TGYXMGXWTVARDFR6Q5UC TFUA1P1W97CDEECFX 0AKI6K82EOFWBWLQU1VH1UHB3XD', 'VXFUK3B7E8SGRW2 OEU79CIQGW0DUS22JP97GHJYIXHRG4AECDF8AS1WADAXXM9FPU0RVU73A40KOXLB19TUCUW UE B5C5MN YU3HOU9KBD4C2UU9T TI34YP05R9 46UD1MAN9K46YPY5TFK3W9G28243F9AG6U2C83LA5 LDDGWPW4D74CSP0CJYA9RMSRGWL8A64 UG0LT1GYYNE 58YJT5AIMYSTR0J1T7KOT2HFYTQJLTU6RBC5W65 DDRGRHSL5SLVFKOHY4O7M0T3D077PFXRX53TB4B5RO7YNCUG4G2WCEY27TEI9802U VQ9IG3O120GNE48QGA756L1LJGJSYB5Y4LJ9Q1HHQTVN5IL85NK8NA8M 4L7P1FMHK1U0N8YGQ0F4P1Q9', 5, 'WRG5YSSQ0U AEKDABG351Y2TEP2E FGF6D 7SGBIPC YURQXUQJR9N48FD3E9KQ53DF9EMTYPRNH9FE9EBQ YUQPBHV W38VVD6EQQA9S36E91DKJU12N93SMH5DM6POD2I0VO5DCERJMH1UF0OJ02WSL0H09K8J32NQ4YA0FPE08A9WYIS7X04V5LDMTGC485OJVKXP', 'L7VXI0WHIUV66XVE0WO0MP1LR84LK0CA9VRFPXSSR3FX6 YQWSA4BPQ9SVJK80WEXUS5USCPLG0BQRPQ G77H9 XQOG0O5EJEV0DI56IE1J23TPQFPDMA4MBTA778S4W8PBKG1D961Q2N61X3BP 1MXVWFYSDQUKI7JJK2EUNNALYH46E3X96MKTIQVLODPB26ECUC3V', 'MJHTHIODCJ NTS43TM1SDDPK4AJY14P0K4DXOT14LYN5B7SY99YF4DWELD PTDUG8B04SOTR 8NYY2BBVBPY2BT6TQ6OODLBWKATUBJTD6SWENAR9B6YQQAQFNDCC582HC3Q1F8H8MR5IPNKNO77XLHQPJQGS8DXL46TMCAUNH738HTW YGVIG1LNRB41N6VGG7B5UJP', '220-2-14 0:12:36', '1145-2-15 1:30:44', '1203-7-4 1:23:1', 13, 5);

insert into "app_connection_profile" ("username", "title", "host", "port", "connection_user", "connection_pass", "protocol", "date_created", "date_modified", "last_connection_date", "deleted", "saved_by_user") values ('O1TCE6T8P7YE81S4XXTCXV7UT0WT8CIG1MUKNX04OVGMYLKYJQ8FRN2LOUN9CSG6RNXME8CG1JLVBTBQT7JWYJXBUYPW4W3TVCIHXMCRAVPN8CL23O5XBEI OKTWM0NW 2VHK8 EMIXMR7ADBFAYSL0B6WLKW0SPF595VNOJW8CV22TW5U5NJ 0W15KM98KD4YTCK152', 'OLOF2WOKI74BD2V29WKNWBCAQLVY3GUKD7XJMKC6N1P01FVRA5Y7E 7J6YL5FXV0PTM47HYHWXVUI8NU27 TX42J3DHSFL4IJ14EKQOBY41QHTHK97GAAKQ2J3 W9Y7LEJOSLV1D3WMSRY7U9B2PGMGN3HEQD51OH H0D0 0CMVG91YF2RIGJ6WM4T VAT1UL5L41RUH', 'VVKXYNLX9HIE TVHEQMDTKWATXXL1XANKM1PLMNB6DMI0X2DHLVALM34SQ28Y8G0 AB3948W BES4XW9WNRE52RJ1LMV1B5S2G2C8JA7CKL9JJIYF FOV5H IOAO17R8BNT5 W4JL9T8K0G2FNVD7LAN 8N4WD B I2C1OGXRONAP3O XRY1UOMGPI9XOV UXL535XFAH1K9M2IYMGIGL6A7PQH2M9BEONBW77K94OWC4SSVXYAQFHKFN9OV3LYBGBRGANS9MWXX5MLISFV9HE2FTF1VNJAR1BKSKVIHM1UQUFJFX3SN0EUB5MPX 92M FO6E2FWEIQSGNMVNAJVHDDXA7R7XFGMFG18BVPCWQLBG97 X9E5HRH HM33J94855ES0JXAQ6AWEP3L', 18, 'R4386F7AM1F5CC9XSU9AFO VM1MNP1PPPTOUQHJEKEKPFW5MRFE9GIG3RIEKBFP5BWWS9HAELD3LI 2FV027BRIRRDS2NCEU9LGCB1V58SQO0FNLOBDXOUBQHHJ8PWLFV4X MA6FKH76LP05B2BMBNDLBPBEORNB6QSJ0XGNED3M0NLWM1VP5LOPGXL8X47QTQF1I4B5', '42R6OUT8IWRNCJM8S0YS K7QDIIDIKSSLKNJQYCL7NRMAAKVK 6T7SD9J3G7XV5RRFCU3YEHX8G  B9DDHDEG J0AUNRL18SWY5EYN10SM6RHL21ACAIYNGW4SGA69KM I9UN8QXJSBB2NM34EKG5TBP2V47IC2TNIS4OJDXKQ083J1FCKSSL0QXW4UAKM0O5AQENV7C', 'EMLHQVJMSOKBKEYJSR3NB02QYWRT8B6OY1E9B60EBF39A1NLG0XP FY0O1A4MLT6EOWQFAVQGSFM1IYHJ L5MJ64SI6AB4IBHJDEON2TPFWNDH3SN6T6VJF57XQRETO2KOX3T61PB0RWY6OVY759L5S0E0564556R4MYTCL53875MCSTEK46SLSEKHIGX474S1ECP6 S', '898-5-4 1:14:42', '655-3-24 0:52:20', '1-1-1 0:0:0', 2, 8);

insert into "app_connection_profile" ("username", "title", "host", "port", "connection_user", "connection_pass", "protocol", "date_created", "date_modified", "last_connection_date", "deleted", "saved_by_user") values ('MSXMJ3WMUBU2T G0KM6Y5OFRQVK8G4LOXYKJO0OAD8BF1LQPSLRT6R8JICG6L2MWMI3E6 RGB3JBTAOWAFLO2I85DVDW5O7X6D6DVT3HXB8KW1G8DGSBQG5SXW0DE6SUQDGWQS1F5H695GP503FT9L2HD02UVF4H1GENWPF8I3YUOKETSSIIUKE0NP4V6RGEKJHNPYFK', 'BN G6 BUCR86UL22JIT5O2Y2AR0E0AES9B1SQ5AFFLRUSVGUYY0RFL  PLMFSBSN630OCK79AKCM0EXMOLG1JNP3MG8112LOMEUQNNW7L0B178QVMW0Q6 4PJ9JELAR4WQARDGKVLASWBUKSDBGSNUMSLT4XG9P6VL3VFJTRASU7DBHD5GGIG317I2JBRT6O4JUGUYM2', 'FCN RLIVPCK9XI PNFI AU2459OD00HDFYF37E2UHW QHHG324X953IX2KGU9R RVFTMX78W4RYQMYE7568BQ20M1L7P5 KYD8SV4MJTGJ2T A OBIS3B4SUBYHNWCQY7S7H6QV62SSSEDTUP4XXE5F3Q7PMWX8J9MUCM8IB55JRSK X10XBJLXLW18VNGBA58EN4A6CLAK49VUUQ6W3KDPBY29XU3NI36HVJL 7WU3I3QBCUQWDCYL5R1 KCL8B 1KQWEGJ9L7WO5LW3RUJ DTLTOFX38JNCG2BCIHVI8XHLNCUTDN9Q6Y2AQLBATF6F1BV56GF4K5SKBM83R2IYE3O0 AF8M5C1GH2VA298FPLIPWXL4RI7NOCGAB5CKEEPGRP16H6PLC0F 1K', 7, '6DUR6RBF31VXANL9L4WM ODN3E6WALWX0FXM71G3VW290AV687IRHQMT036PPLMUNILLC Q2QH3 OKP6E7P490US47KF7YDIHN28YM8A5OKOV0NSU5OHBUEVR5D8H GBLVHINJGG6FW5BRQ9 4HUR3 7UDJMAIKFP9UI3VC2NOHKWDBOV52KW3PM CTCLXRS7W3S797F', ' IFF4UVS2SED DNT0NNKGX4BFC28D2 EH7K2WO M00SA7GGFFHJDIMIM35KASJR0GXCNANQ9N79 BG0OWSDB5MQ9E6YP261YXSMVAYUQ0E 4H1G4QPY90CPO7 XRFGRPM 5R3BGUVN1O2FG60E0ETTS44502AB7LUOKN1X3AL1FVKC 3E434HHOLC9NI9A4OM5E3NLQE', 'KT7GD7VJIY4XNNDSK2VUC9G8 H5YR8SYWJS9CKRQH HTFMVGVK3V5N KEOLQCJ3SV6S4VSQU7BEGND0DLR0A7V9YPRGW1QB70K01EQG45O1QW8YFLHD7J14290A IYAYFK37KR0MHSDR0486ANRXDTWB2NKSNTAHW2N33SU32GD0VHS U5S32F8VQ ODGLY2V 5H BW6', '531-10-20 0:46:23', '188-3-28 0:14:35', '967-7-18 1:5:12', 9, 9);

insert into "app_connection_profile" ("username", "title", "host", "port", "connection_user", "connection_pass", "protocol", "date_created", "date_modified", "last_connection_date", "deleted", "saved_by_user") values ('9Q2YN0YA0YV1VH4XAMM932E1DM04KEMVA00LFY8AK3AAW ILID 3LP0I8O7M3F1D3K2YL0GF0RHGK9956LHTROOTJQ802124X2HLSE80MH10R0HHS C0WEANDX4CFOKWL7GAVWN59TFOHHP9K8LOCW1IEAT18DPALQ 6TQ3SHE3IVGV0A5B1RPLR1Y7SPN5N4E1KSQHK', '8 FCN80EVTKD70KKRY7JSBECW538UBGRQ9FXIQ0G3 98QJT8FGFW0NYL1095SR4MP5MVGFTW0MX6Y1VE9KHW17UO4ROF8 U9P6PC7I3UHDULYH3 OBGENYHMB4LLU78X VATKP 62X851BEQQTFHQCO8IP6GF3ETFUT2L9 MWY6SLJY643CKFFO25BF31 QTKOR3FX2N', 'ONAS83ITQHDQA17DLR4YIR9RX NBISBJAL53TDVKMH1NTX23J5JA7HBE2H775BG35ARK2OFTM6ROVPW51EUE7929V1FKU9H5I0DI3R8OSI0VKCYV7DRBSN99RLOL9XXID48L8VS VH1J3DYGUW09BM26U68R71PQC FR SXAB43BVV0SFW3UEQ2FUT8UNY33Q1 60U 06G84HCMN1BIWQ48D6JRURIUPFQTB3VLD5JK4M PGF2NI8C01VGS4U21I2IQ 6AW9NIYR5DLJ16R5VM6AMP69AI83VVI6D EGQH9S3P1YYN1GVKXQUER4QCDYQERAYF G1N78NO4IVJKFLEVTJR7WXHRB9M0VDK KY7HE5JFV8XDAIX1OD 41SG56N4ST5Y4VGDMV32WE', 1, 'YFMBN07W7ED95T3TEK0GI6L65 21YUSJ5OH2REMIC14R5N391KRABOX26NH9KD7A0H5TJO6YB728NL05EWKGEE4TP20TD119WYNTJNVFS5S6J4NIQ7WUEVWGOJ88UN7VU7VKEK6W44S9YA44X35M04CUS9KFNG2BLCMWX9V3BDHI1N KH8K75Q1ODJDILBDKGKNW307K', '7P2AM3IS73Q73ELVRX792FNUNN5 JMQFGRSP3GU1FLDMW51JVUYTLAAQ7F5GIST9OEA8VR7CQY9O9S0XVP1UV  R9VPXKH6PWT686WA2FHPYPYU7N6KE5445HAY5SLE9R91D8A3AFLRA TDAM3IRSVFU4412HKG8L09JHT4VDNJSV2QV06SJ9 2O5QXY2BQPEC61JY7H', 'EGV7M911YWUN3J8RNAY34XESG91G9AE8KMNBGYPA4WAS5FEPPYKLY51FEVKA884EDTBMUK FE3EY1WM9KDMSH0SM3V N874LAYGQCOG IKCXR77QIW6XAUXRN9EFVSWKFYKFME47VC5QF9V9H03F8I41S4TSU3FTJR VMAC7JIUOCEQP17937DIEVL661Q K1D GCJYS', '1445-5-7 2:1:12', '1712-9-1 2:0:35', '651-3-4 0:40:41', 18, 17);

insert into "app_connection_profile" ("username", "title", "host", "port", "connection_user", "connection_pass", "protocol", "date_created", "date_modified", "last_connection_date", "deleted", "saved_by_user") values ('IWCT98A IGDKTW1EB41HAKW4  I4361 5 D63NP5B M3E1UBWY0FHRGNNC5S6 G8YBCI139DKKSNKAT45PN31CLX9BNROISE2P8WTFI9O2GLJ9B91LHAR MFLRLJDPJ9CV1UG4E5SF8LM7 X9XV3QW6G3OHW6 KF9MK1Y3B9NJIICSW3305V2RC1VXPW6D78XTKHNV1G', 'U9OQ7PHK9C2BWP3IGPDWSM4LM1E7D1IHDLOHMV 04OCNL9YP7MTI DTLFLY0WE36NR UOMYCGBWU2PPJVXKT33H3J2KEMEXKGMBVF3A7KH8D 67SMHB3R674278HDXL791AX4X71FFW27CPV76MRPIGHWQXQ1F1H7WHM1BF RG90SDV33W0NXL4QGHGVRVML06CWQ023', '1XDLBCVCOC08E9PCQLDC3KJ99E2H4JVA0OB4SI6IG3BI I E3N2V11QBMM7G1R4IHE00WQ7RCJB6XAYNW 242FOIKBB5U5USI8 LTWLEO19SR6 A0CE4CEQ1OWKALKKOQGUJSEEIDY967EU7VG26A3LWAP1WLFBHHC0S953 1OEH3LQ3O4 VD8HUB5Q7AOF9R7TJTNIG0OK4F 8G96X1B0YEDQKS9UQX6CIC8VXE5ENTECCI1FLTW8YYPWAI9XF4159XFB103CFIBYGC5SMN45VL86OF6G38A 4DF3XB11IGOMDRE6H85LI6I4B 1ISJKB10HR23W1I72OCD6INK9X2GS9PU4QV 3KXIYECV8XVLC0 KMREVW03TX9CYR87ET9KPDQ229C0PE19I', 0, 'Y8689B87MAAEUTWBDQ XNLBBH3KX1QUME15 3V7651F5A 90F6IEW6G5C5WO2TUEL5HLAIPDK6 TVEXQU93WOHSCB022J7NP5 78OXWJ2ITX4S09JFOPCHP0G FB5C39B B99BE3FVQCOC35427CKNY CE9WK7HH2MNF7F6C34F9EU5PVQGP0 SYAMONRCILYCYPUKMB', 'K4XWGWJFLA5JAML45LIE4D0LTM3A5PMKVGUBU3S8U9CXNK0LD7L7EQHH47548M2DX5Y0EXUAV X5E4O5R1VJSXSVAGDLUPKUYQ08L6LGICGVM3DOUO0QC1XXWUR07KOTVRJI196B4AD3MTAWVOHHBPBN8T61OC9T6T0OK 8AUTX3W828PORS11RT8UEJTOM84KUU2STI', '78AE JCRGXD DDKKXRBDFWBX1TSVYT4L9M9RW4MUMS2D X82NU0D8BKQ74H3UCI2PVHXV4W64AXWH1S7F0UIS79K0E2DIU4C86JCT0YT42DHE7Y38IFBLBCVFRE7KMCG6UXQTUWIKPS8IGWIQL6PAY7T6CDGVG23I43337AVXXFNPE579JHTP LCMBN6EPHTWABQ1557', '403-12-12 0:42:34', '1791-3-31 2:9:46', '515-8-27 0:30:10', 10, 0);

insert into "app_connection_profile" ("username", "title", "host", "port", "connection_user", "connection_pass", "protocol", "date_created", "date_modified", "last_connection_date", "deleted", "saved_by_user") values ('PDOKE9KJI7I84WK NKKUNC3U6BPGWHOI1Y 9KGXR4W14E2RYWJ9DY0E8F KI9GWXDBKAUN858HRRIK6BNYYDOVL1URKIIWMY4HJREO8QSELL9AI8MUM1J4MU4M5KHFAPCKTYGY1GC4EENLVP7B7UDBSUPKJ376O QOCGIC6Y66V8PESFFJKH8PT5OKYRWU0GO W65BLP', 'TUMIV0RHDMUTGEIAXAMVQQ3G5S6XV8J2L 69SIUWTCFJLFA93011F0OROS979RUHO7162O YT10HOQLMFKAWDBW2C5SHWX8NE 8FATI0GSOIBWW2 UTCAPTMJYSRVKENOPNIBS2AFNGU6162JT1G2TRICB9FJ2JF3V571 SO5PAW6SQYKH7OQRKKGB31BB4LX GJMB5 ', 'GY0QQBMIGPIKGP1AAWMUGWYQTY7WDOO433MYGP3LLBG8XBY0S1PD0L4UFEMVIF26LB8N1Q9T6QBP0V0O59A13421AFEK79N5NNU7JCETQR73PKP8Y6TVS6QU8SJ73Q2CO8AB854WD30R48UAEFK6H5FGQ9YAUVFUP9CXG5G8YKNDM7PDBPSKLSXXYNGLCB5IDWP9S URY0WUMCYP9QLWRJD3PRS7O54Y1EWTYS55I8EDR0NBD70CS9AJFIKG03MLQ GFS8LXD6RHT5B0HW BMENN8TB0P9CN2YQ5AIVC0QHWP8TD3NCJBWTKWKIS9ED3EN1COB1GIUXQJ8FRBAU15AJ9VQIXDS6ONDLM9XL2NJG9JNUCYN62JJ0E7CJYT7PYHJI J6CTTR854J73', 6, '83J09KK1OV5VN1SB90RKRT7L8QWBNILUMQJDED4332W9HXYBU2H1S73ATC1T9N9IO WB4K0HDW8JR8PYB7QO8M277QU1HUAPHSW2V1UPDYLNT3WYLW9DNPFPNJQ18HNMT7T798K NVAU77RY9PRCONUY0F 9MJT628RJ32OBECKOMQW7J5U177HSS2SBXGM5AXS691XK', 'FXGD0PNXX95U1QI0FG5RAQH5KLADOLCY9N0SR6G0O4W71 7K37 4 7XI1NKXOWNBE0OH26C9U 5NTJVL2OFDUEH PFSHGP 5K6FS OI9WJ AEM YYIVL3032ENX8KI0P592ES7LF0KCGY3DEXBM1 F30L5WPSER35EF9UVLT1V4UQ8BDURWB1F6THOKNYYQ4AS4MQ90F', 'FEGG03MIRQN2RPO8TWWR97AYMQV76CSPVUYON7OOWGT6L200DBLUQEHLOTUD8W 9S0WK0V2PX524HGLYMV7E96JMMXBC1J JCP8QJTXBT7E7VUT5KU3LF0BOSH7LLHB2AQO2 9W463QXCPGIVKH 0X482 DQ3G 35X M5YVE8AU6M2PNREKBXFLG2XKSURFN16RW 7AA', '953-9-17 1:20:53', '1921-7-11 2:20:42', '359-4-28 0:17:9', 3, 12);

insert into "app_connection_profile" ("username", "title", "host", "port", "connection_user", "connection_pass", "protocol", "date_created", "date_modified", "last_connection_date", "deleted", "saved_by_user") values ('63OFS64X0NE0AYVKSPGJVNWI6N595UMWWFCK9V8HAVEQVAHRD23POBBBWWQ6EE LLSCKP0S89F47IIL2JRQRW4RW804N 1VJ3T0LWM 0LL CSWKQYY7JFV0Y37RN5BTCX4N2OABGLME8LA6O S847XC26UXI9BSBCGER54Q 9VLDU0KONHFVC4DJR9WSUO6N3JCOHQLT', 'N50GBCAQ3VINH9FF752HSR3N0K8UB73OM3CJRDY9U01ENHYHN WXRETR 7 QJOX3ESYEW5B69 T4Q86YG04T3O000I64U7CA0FEO6EBVBXQDFQJS IBUWNT402741TI53A579GAIS LYITTQ6RV3EXUPGKA8Y4XA0NJ5Y412 B4YYTBDP14S J04LPM6N7L5OVVX8ROB', 'GNU709UJOESLMX895JRJ4BN33ME9UH0NY7DACI YN BWWTHNLTBUT95375YSFL6J6A3FDWTP6637X9K2EV MMC QJGV7PI12KVB15M7M 3035515T7HXLIMS4PY8RFB97 7SUAACGWVG8XUCRBH3170QN1YVP14YSPVPT6PAKRDFUK9VTTIPDEFWGOIHXJ1SR2B K0IN1X2I L2S591P5MMDLU6MWR 547F5R12D5MIDN0GUNBE75VP OTF6AXC7L9117398Y3415DXMVMVP8Q8F1UN8WYV JFVRVIAR2P6TSSGGYWNXGC52NB2AO4P5YXJNW5TASSX96WGJSUSV0AR55JW0REHAIYKEKEWV3PJ7 UNQU79TBSVOUX7FF54OJSFXA70FLU0T1B9S', 2, 'G1LWVGDWBT067JU 6786K8B 7FVJU5J8CPFNYMMX5CNUVHUX0JD23EI06TUA2Y6Q74 810IX8C3BGBTYSW1H81CA9AHCDHV7V27DF AEFJJ8IWI1N258WR7P41G 8D2JTCSXKDNK8L4ELL20EVCD3M0U4ACOFRKH5UG52LNHU9V0J91HH7B82D068AM8SAOIPFSIRKSY', 'FA1C9YH37LVBUEJBU3M66BSHVOS 4HNXANT64LXM7JI679Q44APNK57KXBU5V8STGU1U335QNDSC2EOLF5DNJMNJ3YQ61P2CBS644W111VJJITQWKM14KH8FOYQHRMKL1GN0A0VWIVIRS P YN29DXF NN1MD8RDBTRXTYCGU9DABXRJO9QIPT5RNERLECIALVPF5RLO', 'WAH2NG709QCN7JTF0UG0B8FKQFHKOSVORO8YF XTX1TB2WAUS9MY557GNKMMJ4V81 MJ89C21QW XLWC SJE5GDOVLHB 1VFMT3SDD7IJABJAAX8R1KG9JYF7JB7M UI1U YE2TQ AR5V65O1P1ILBEN0E849W8GHQIJ0IR2L7UBHXLJAF49DAJ2C8B5S9U3S6UC1F4M', '582-3-20 0:51:58', '327-6-13 0:24:7', '1342-12-28 1:40:36', 15, 10);

insert into "app_connection_profile" ("username", "title", "host", "port", "connection_user", "connection_pass", "protocol", "date_created", "date_modified", "last_connection_date", "deleted", "saved_by_user") values ('8PSFN B8LABG5V6FUSSANKQ7R2H31AMYRI2DBNFO5GCT147N0VM7HOOQFWPMDI04SOEJ9X93CBV5MBAVIXDXD7KOYTS33LBXYOPF2BMCR65 OFQIBFV5HWDBSNGO3CINH SWIUP2QFA3207S0VVU42KO2BBRB  FB4B2F14P6FEIV5SQSS2ASIXMJQV2YEH5 M CX WH', 'X4YSWKNYVP9I64PI77A DPSXSAA97ATQAOM1NJUMN5G4OVPQUT9WFSANKAX443FNE7KQLLE9MRQRCG7KMBFKD4A10ARTH6V69240D75H3Y0U72SFDJLSU BNOROVT 05HJIEPFDR 860EIFMKBGQP3CTU5H4WJY8C1YOJPRBV30B90K5BJNTYRSOF0WPMEEVUXGXW5D4', 'AS ETHLDNV S3B1E1REFO1YLJOAHDJV4XFQE7NJT6U5MCG0DM7SGHW2TWM8X69G18X81C0NBOCITXJ97LGQQMA C77L3QRGKB73O7UC02URGR3DBXWBC69S4QY28JVMJ 5T2X1CSWXIYW8D 70HNBE0 DF6X7W8KMPT5TVWBF5B IKN4P839HUHHP8FYKRV DVF7AAL1I3KH183KB0Y359KYVY7GKTL1YMWR0NE8OGMQYWVVNXRB1RXJSATR92SMS0DOQYRV5UQ7YRNCXI3E 5O5 VEKYXBGX4V2CMISR00RVLG51BF30LDGLG3T2GG330DA QTK1NKGQLR5J08F9WWYHSWQ44TTNTP0URCI4JBONME1L7RQ0DMV4MRTW0HOMQO7CT4UTG50X M9', 8, '2BQH9EET1 KH44XV4APRC61WV1ATIQXJELJKUWG6T3L0SNTW4OVL84POSMB2G3DNYU19KB1I8KO1Q5615RBDTF6O748NT5TEK0XTUMAJFC4 SGXTVW61LUAJIM74  DQNYPS7FTR3H3OXUCLKKGQ5PEMT4DGJ4JECLW2DRLGM1N4976F4420CW44TOQR6O9UEXUQ9A0P', 'IXOON7H4HH6OLEQ1YNYKFA4RXOMGT139LSWSIXU QCHR5JUYGTH0AV9Y1AI5JUSOWTEPTO96IYM4OMNETD7PYI2TCUB 5U08S0HVJNIKIFIBMJN08VVPH403THVOQ8H ECBYWGSS3XV8KRSAMS3B750B7CWBGPBQEX Y8DR9BNG2B7EEJPF6HKDRUN35MH258SI224F4', '9P3R5TUJQXWM2FN6X7HOB1W0HV0HG3BBKCVI0LT46 FS6ACA5DMF1U1JQN1AEC7TOSHWELTK4CKBIWOH1YIAEP9UC8QF8G2KGQ7ISNLXPT6 WW5LA3RJW82VSIVTEBJVEU37S4A QA UEEM9720OAJ9A7A6OHBQQQW866WGBNKL982CXT2PIDC3MDI6IBC4X7MJTXF2D', '1570-12-22 2:12:33', '907-3-2 1:15:36', '239-5-31 0:12:13', 14, 6);

insert into "app_connection_profile" ("username", "title", "host", "port", "connection_user", "connection_pass", "protocol", "date_created", "date_modified", "last_connection_date", "deleted", "saved_by_user") values ('QNFMBD 3LQ  4KNPNSJK9W9HQ38D8BFENIA1RTNGYA5RW4DBJINJOEUXG3K4N5J8UJPMS53632WR2K4NWWHIVAANOA9VS5HIW7DM1I2DVRKBQVBN5Y4BLJ0PKBL39JUL13XHDONYT1A35HU1CRN3QLSX0XPMX2QM6SUXSUDM2M83REWC8F 6EHUUIUNJSYKGUWI1GS5T', ' 04YAF VE4NQOSE40UJ 0NA9KM0H1BQ08L3I23WD90XI8KDSR9WOBV2FSLHYBBOJ6FFRFVX2 5RC1XC6MVGQX9K3ECO89UK004HUB642CKETQC9H39JDBF0V0E9JK22LLCK4TYWDOB0R2PKRD5D56M02TAUC2NB7HRU98O3O4FL9YJ2SC83TEJNTRLWCTWTHU4G7XB I', '3K9LTU99PSGV9QXJPXX40HLGM9TG2J54JUUV8OYX 4PY9F 29N18KWL1OS17NP0L4QKP2S9HFH7F2PYM93JDUQE3QXCQGCPHN1CL9L5B5TFW2SIGDMRLW7NWALATG 3FLJ07W2 JY0UAQDRIVI0AW0FHDQ7JOKIQ42CJ9PI481TTSR6KS4I16E7PTDG6FLMM0I WQIXT3XLX0OP6PTDT67U5YG8E25JYPRITW2T29OBFEGLNW0LSLPN8X2N25TSIBQD6FF574D3A2YM2B64H6SA3FAQEFOAQNDY298B9R2WVBJVCKQRMXSWQT7ETPDCX2OIWEN53VXLRL3V5V999YOYV5YI334P5NPAD1BUCT2 UI3KX589RIWD15QS8OKI86GCGJH0FMPQAUIAX', 3, '43RM4VJ864VM4QL0WG8JSCUC7WT7V5VB8SBSXRYO 1JLK7C 3JQJE900WJ26F0D D83JABD6FDR8 P8L34XQ55WM6XML8351IOT  I302R37R8L49EIHF83UE4HRT48QEA2LWUW53QYCHA5NLL0CO9H1O9L5TE01ACD33CXEG PVWX12R0W6LJHFOGRL2PBN834HVKRC', 'TST8QF8E88B5YWUIRM RRCPMX3TV1Y6EYLJHXFF1J05EB5JFKJ12IKKB6YO5YPWTPCYS4SKY0P5FGX05LNM5P0E6CKT0SPRXQDFGPLMGTYJWHB65VC H80F0G3WUPUH1B 627GXOTJDWIYELYXBRAH5B5UE9XG38FLBGBKAJH7MO 0EG6TQ 4UMDR2T7YJ0EOKXRWLVR', 'MLLVP21RRG938S83R1F2RXK3DVVV4OH8DADLD4RRCH T0MSSFU9E  DJCGYB03GWCNAKUI1OKI19146I5W1V529HW8GH S51MMNC0 R11YKFS1AWD8Y2Q7BTI4YVM877Y9KNTV7706KGXQFC3W3W8 29A0WCNJJNQN5HE059GO U90A03YIJEJEC WN1XDLH UC81SO3', '1040-8-10 1:26:25', '397-1-3 0:34:56', '1820-3-24 2:25:13', 0, 1);

insert into "app_connection_profile" ("username", "title", "host", "port", "connection_user", "connection_pass", "protocol", "date_created", "date_modified", "last_connection_date", "deleted", "saved_by_user") values ('I8DH365U530AURUT7SE8 27S82A2OUBTMNMRXUNL5VIDFHT1XLTAUOW36 COXTMNJPTR41WGW04MP96E62NOTNBN9CUOU37529NJPUQ3RQGLE7SL12LMIEKFLWT87LLVN5TGWYFWQ8Y2C0W5BH9KPU391E5TYOS9F9S31JO3FV14LU6BG94CCFSQ1NQ56E4E5K1FNBLM', 'D15RIT 5G7SJWHD0BYUNWJHYH4E7HG66R8IVX3Y8XVDLW80CR00IPXPVWKLPN3RQD8HKNG05J0SPN5T9WELJNU579ATKAW61V6O26HLTSGQRN1I19VQLDP0UC3UTHXCPKAPX8BK S1XYHB4O06GUODUCNVASDWH7IV1WOM54COYU X5  1PRHAK49JP6DYAOC632JL1H', 'X8AO DGI4PVJV AS02NEDVNIY1HJHTS3HVTY1OYD34CL54 86L6P8R7K6AQBH27ANR7PBT IQ9NA5BYQE7P8WYJC9SWM4T42YLQFSC2JCE6QOC A13X1CSTFTT9RQ5HRL1JUGE6WWU5DQK8L3GIHQ5R27Q4AWPOIFTPYKLMS1 TYDX988JYABFDEDVJ2ANH9XO83F478267EXT2GTLQBJJ4AXOL8SN2O9G0SLN1XVVC1S60ESY5T0 VE4K76DX0A7WUXREPH4I4ELIWWSWIBHPW6W09L89CAAWFMO5671KBC1UYM5VWJU8VTUIIHOWGRLCCCF7V8JKOX1PR0S6FL5OVC8KL37O5JW45R3CIF61TMN6C9BB2SOKEKWS3YFYM7O69U YBG7K813V3D', 19, 'M4N7XPS 2VJ5 XTYQWP6JFF6VVN2JNBBSVX3KQCUIK7ORRNCWT0ACDYVG06EO50GTXMJ1M2UPF2G3YK6UE9KSY V0VUCYALP62PUQLO YU7I9WJPV V A5X14VO09Q9R133L5AD168N3NK 2YT6PGCO01GNULOL27SKMXYPI 1ARWFO3SAGA0LIAQ1KI4WMX60U3YDMS', ' Q6TD5EJHF7F506BB0FYCJ47CCXEYRAT5WV6DNXDG7NM0JM E3JXUFQ3DE62OTIYFMDXT9YACMTFDD61BMAYDQG9B9FQD1Y7XRBGO8UE27HY64EW1 Q30JFQFECNJ8FFH66G3FFM8H8LITDT6NUO E4ALEIDRR57GVFYD7VL01L0J3GQ 2HBMGEIEVDOVIQX TD6YERT', 'XVMEPBXVQI5G2GOA0QJDIT6HG 2G74BDQA73EJWN2PTEBYL6HLP LKGBI721HE IPHFBM33URPAD9QBU2G9WHV2E4Q26NN2TG0SNR0TS7P5PA0DX7G8BPG0X1QN9MCA87HQ0FRSKCY1XWKQTYPHTYKRUJHC2FJSKSHOICE60WQC PPPOYCU5 23XN8KKDR4ERPUNFHHS', '1264-8-4 1:35:8', '1400-3-3 1:44:26', '452-9-9 0:26:19', 5, 14);

insert into "app_connection_profile" ("username", "title", "host", "port", "connection_user", "connection_pass", "protocol", "date_created", "date_modified", "last_connection_date", "deleted", "saved_by_user") values ('8X05AHP4LAKYI5Y7RIB646D9A1XMDJMA1Q1PS4XFFMWRGIAU0TJ882PLVNP520QLIPATJLQUE7CELKWL7H U0MQVOFKRO05WW8QL87EQK51PFWA5HF3V8YFD3GIJDEO96RAKMTMBNGYXPME0LM9FQM575SKQEJDMXSTIPSII2A2HBDIG 1RXLUR5LLM09DSLDR1FK3K2', 'V9A40BHKOAB0VGKAX0IUXUW5CJ4U  94ISCWPGES6R1M4ALS5830RSRCIADSC0CV 6FIBUMSCBJUNWUDX8O4NLSUHTYV4H4DPHQJ7K8ILUD90SWJ22FYMKAXHIUAXQV SREWY7RO1A QW1RKXQFKRK0PHU0IKLCVW1GR9U4SGLTC8ASJKCO9EY143A8B0HL1FGSL04M2', '0QNSQ2C0FPHW4KJ5YH WJXWTHRE7RYU4SW0GXS000 50AYWJJ2KFFN9QJ8LB42U27BS0VX2RKAEO 15BTX5AD2S7MO3WWFQJJLMWG6P4J9EKHA38U5SLAOB1IS2SXRIPM9 WOTDR6N9N7P1SCUFPAH1URBJ06COE2YA0PM079603QUL9O5XBL0MXI0G U 2C0BUJTU PBNIGRQTQV71DLC3HKNQC6 Y0B1W3IE08GUNH8062N7G4U3WFG231O7 MJTIKFK8OIN4A4RKWBDQ11EVG9498 387UDS3BB7LYVK6ON9MVYEY1W91SPSFTI7K0IM352VDVHIU8WXH 9TXWSQHGR6F4XRBK0UC0RM61DE4A6NEYM9CQUDTE6U91C8TNP9R4V7XVJLAISY6', 17, 'NRWDPISGLPUGXF21R68 5OPC1NJF6SJY1V7 0D KDHDB7UH9DEAK5UO5KM5CR18XR U2U38OQ1373H6SG7AQSPQ 8U3R0IVC1MB8F9YRWVSP F36L9RCU5I63BP0C13ORE1I41 KUFBRDCJQY41HAL1YX18ME2V6FYD2H3JP39BK F7LFHGK6 Q841SFYJMU9 KH5MAH', 'AI07N3HHDPGYIDLP0ECQSV8RT 8OIH5HNHSEDHPKW3FQB9F1BOOVNS1NBF6BQCDM8N73DHRDUS15WXYEUDMRPQ0CL785KIB2XPE4HSN 3DQY8JRHR69DCOEBDFCL4Y5C7EEJRPVC5GX6HWRRWVKX67UVY7ECL9JV9H6R91938OY3 B8IR8HWXCF4GQ5BFGHRWRMDD23Q', '59HYI83IMJ1HS8AO0CM2R4A3AVE6P5NB3XPBCI21XIO4IY GW4Q579NR8NG2D 1SD36R8H6SKHBREN6CAX1MCBYC3TYMS7E78309JIF2VQDBX9E7T6LO2 EJ06TFIGVDNE73NK6 SK60O6HPPCCNEHLTTIUC602R8GNU548D0C0DFHPAXT3BGKIFXPQINMXR7P4CS8TW', '1-1-1 0:0:0', '858-1-18 1:7:58', '94-4-29 0:3:57', 4, 11);

insert into "app_connection_profile" ("username", "title", "host", "port", "connection_user", "connection_pass", "protocol", "date_created", "date_modified", "last_connection_date", "deleted", "saved_by_user") values ('TS648CEJOOS1 9FWR G7IBVOGALOH3PJL22VP763FNFS72STP6QIXCX2OW0VVU85SDC106EQN PCU2U42D3DGXQSB6RWBTU2DYM7O30WDTHAHH0R7S1H45FM8S8XK2Q3 0A7C7DRAALF 45I3R W6KK5XDMDH5DV WR9TC78RLSUACHWEK8V084QMN6056RVCWAQ2WR4', '8Q3J0PS9P11MYMWRICARD946G5A5890NHR0 GX0EPYAJ21J5PJS5XFUTMANF3WFBWQONW70BLA47G6AG6GA32X2AB2KQXBEPXO2ST9U909602IWP6O9HDAKNIPKO99V8KR4XWDY6C3WQY2JQKU1HMJEQXH34P182I4NVYC4TK2RCCGQ2VMXLO958TPJ62G856WCPYIMQ', 'RCYTX9NVD 3AQ9971HHPXHSDIXCQRHPD0T1AYVE9R733OQ0F673O 4  MMUAYK990GHXF YDNU0KECY76UJK1UR3NO4YAW9YNQ896F0ER UYL710TB8GWBJQN5620VWDK3304NMAHQJM5YK4IMESOO2QA6W8LDO501U9FICSU9WE3R9MCSA7ILMR X1ANUJRU42BBG1DKPP9LBAC0UYQRAQ7PKCGW9TFNWDS8I1EXALI0W5WYXFKXHI96BE49485NY5KR43X074QT8UO63LAOHBWPFO2VGYPQYTUMDBTFRQTOMPVEI9NT20VB5NAWTKPEJM1QU7PJ8TWEXIG D5SBLTQLVL1QB0IUFPW3LR0AXMFYHD5XVW3BXDRWURWXKO7WA6G AB B8C2F6XI', 13, 'XVEKMC6PI057SRGQQEGHWY5I35RJ0C816W2ICE1QEFAEJ F H669C9PPG60C0KU9GYQF9BN5YHTB03C9QKSDJ2XUHW97B3 TXNONQFD8M PIY98OKO3RTDS101EU97X7FO5R6KYYKOQQ7 J1LQPQSUS8JF64ASANIQAM93J7LFM2TG607X9Q4LS34 BB 876CL3ERWNJ', '8Q1C7N PH2U3GOLVI6AQ45HYL1IDIP0GMBASQ738V6CLSD8SGSC6EIC4H6HWCB4CK6QKEY6NDHMQ62LABSUD56BSC25IKTV6X3B5595B4W96YYEJQH5FCC28MN0X6P6J6UV715EGWBNSMQPK16LO6QOGEUG89WAUG96SC2OX3P5SUP1358CT MLCHMTQ1 Y6J8V4G25J', 'SD151MQ526NLLJKGJM3CVJTHHPDOGFH133AELQNCCVOR96KND6FJ0MKSNY 99SAXJWQICBXMNJQD5UQPWB54D7BDX2IRCXNMCAA1MKIKKPA80EOX70MBE6PO7ND64YDVHQOY 2NIA0PFSAEJ092NP P 0BWP4LO9IQME422LN5BCLEEGR3M02IR8JRCV0083OUQVV7VP', '1322-3-29 1:44:20', '1466-8-18 1:50:1', '833-11-29 1:0:56', 12, 7);

insert into "app_connection_profile" ("username", "title", "host", "port", "connection_user", "connection_pass", "protocol", "date_created", "date_modified", "last_connection_date", "deleted", "saved_by_user") values ('TXNWK0O8EJ1Y5SGH5AXVRS69OD2D7QJX3JPA1JQM22H2AFCC 3U7O4G2AR54I9JYYOFW6T6Y1KO9AT00AUVMEXO04ELBFH5BDN50LCSUKGI065 YVCSYMDHNRT8HIT7UYT3214XRK6V 37BF8FAC69SCGGXFJCU81IGVDM7YMAH5E9DIH0Y91U 74TCBELPVK4AGQYQD', 'BJ25MQH2AO1HLJRK6N7BCX0AIDUU0R37WS1QCI5VNRH7K1JXNQ78NA6Y7PPXFGKDA7TX80HEGM91YW9AJBOW80OGM7BUNKI228FU2UPDV19KBT3FQTLMJ XXO61V8JT J9TXXBD8PU8NA0MWVOVX5RQ72Y5I DQKMRUVX3I9FVXFPAR27EAOUB9X3WSHRLX0V99NGIII', 'X8052HR36H9R6RBQ2X0 O3LKWI2T4F4UARYY25FK075PCJ4TJ332ROSJ07T G8D8 Q3QUE7UPED6F5OW3M8JWBFG8QF401GIOHMX79FF6LSUMC 96D5LWPJNTLQ1KUKENEQD18PG184P7DHXY8EMR6G8NCHU 9A9UUG3ED5 HV30O3XR62KBLK 3DG8YDBODW9TGI99SF17AOUJBAV0OR7BW4JJ2VN5O13N2R1WFFD E G 0EK3 OY14U6T4WDH 8VQUOCE8PGTEKE80871QY96022FC 6YU02R YCFD3YYOHKR97T0SD34K TLAS96LM9CXFR5Q5KMW2GEHCF09UVOLE5GQ5D7CY1YG3U2 00W0O1D6F71JGM3NVT3R2SI0J01K5C3NK0T9WWCN', 15, '651W0AE0DJ8LPA 6MICU6G3MP IJMGACEPJT4PW7SV0DJ42OG TKSXWJ5QDQWORR10IQOFRLP7VFST3PQC3GVMWAROG0W3WRJ3BVBOH 5W0FTNJ16KGVP2R2DNEM0PU1 W9OV8 UPCL92DAC8N6GPAMSELS6R3654HHYCGJIOXL57CN YOC3DV06 E2GXBWABV1OU5W5', 'T32NGL9OR1JP8SPG8183WY9IWNITYOFPTHI5FQPN3 6LLKC8R4W5FEQKMFKOK0HSHYKAVZ333I7XUT4TRXS5CG9THIFV5OQTUK7E4OJWD3EHYW66MLVHHR6JXXCRQUXNNHC4MSKR59KB1Q11D8YYWH8T OK2J5CV8UR9XQ33DJ9RCRKYQ0SJRAJGFT4QWUJYMT42VGI5', '8RBOO8GFHLBGEAOBMNTIMY2IUPG38SMK6KRBHTUYXV4ESBNRTRFPYPMEKU93DK7MBBPJLM8BF0XIG3CX8T4S51RG2 F8MUY45T1UORNM18FQTQRYPMRFJBR55R52FGL4TUL0NSKPGODBEUETP03JKC9QDVLGERBF4833KVV7 L9RXJ16ETUDVKC6W3SKDONNJW6GMNTI', '1677-12-29 2:23:38', '107-2-13 0:6:40', '1554-12-2 1:57:31', 16, 13);

